,Date,Low,High,Close,Open
1994,2018-05-31,282.93,290.37,284.73,287.21
1993,2018-05-30,281.6,295.005,291.72,283.29
1992,2018-05-29,276.15,286.5,283.76,278.51
1991,2018-05-25,275.61,279.64,278.85,277.6252
1990,2018-05-24,274.89,281.11,277.85,278.4
1989,2018-05-23,274.0,279.9099,279.07,277.76
1988,2018-05-22,273.422,288.0,275.01,287.762
1987,2018-05-21,281.3,291.49,284.49,281.33
1986,2018-05-18,274.0,284.65,276.82,284.65
1985,2018-05-17,283.97,289.1873,284.54,285.9
1984,2018-05-16,281.56,288.81,286.48,283.83
1983,2018-05-15,280.5,286.96,284.18,285.01
1982,2018-05-14,291.62,304.94,291.97,303.32
1981,2018-05-11,299.08,308.88,301.06,307.7
1980,2018-05-10,304.1119,312.99,305.02,307.4997
1979,2018-05-09,300.05,307.01,306.85,300.41
1978,2018-05-08,299.0,307.75,301.97,300.7953
1977,2018-05-07,295.17,305.9588,302.77,297.5
1976,2018-05-04,279.52,296.86,294.09,283.0
1975,2018-05-03,275.23,288.04,284.45,278.79
1974,2018-05-02,297.7844,306.85,301.15,298.57
1973,2018-05-01,293.22,300.82,299.92,293.51
1972,2018-04-30,292.5,298.73,293.9,293.61
1971,2018-04-27,283.83,294.47,294.075,285.37
1970,2018-04-26,276.5,285.79,285.48,278.75
1969,2018-04-25,277.25,285.16,280.69,283.5
1968,2018-04-24,278.46,287.09,283.46,285.0
1967,2018-04-23,282.33,291.62,283.37,291.29
1966,2018-04-20,289.75,299.98,290.24,295.17
1965,2018-04-19,288.55,301.01,300.08,291.08
1964,2018-04-18,288.16,300.24,293.35,291.08
1963,2018-04-17,282.51,292.17,287.69,288.87
1962,2018-04-16,289.01,299.66,291.21,299.0
1961,2018-04-13,295.98,303.9499,300.34,303.6
1960,2018-04-12,293.68,303.95,294.08,302.32
1959,2018-04-11,299.66,308.98,300.93,300.7403
1958,2018-04-10,293.68,307.1,304.7,298.97
1957,2018-04-09,289.21,309.5,289.66,300.37
1956,2018-04-06,295.5,309.28,299.3,301.0
1955,2018-04-05,288.2,306.26,305.72,289.34
1954,2018-04-04,252.0,288.37,286.94,252.78
1953,2018-04-03,254.49,273.35,267.53,269.82
1952,2018-04-02,244.5901,260.3318,252.48,256.26
1951,2018-03-29,248.21,270.9599,266.13,256.49
1950,2018-03-28,252.1,268.68,257.78,264.58
1949,2018-03-27,277.18,304.27,279.18,304.0
1948,2018-03-26,291.36,307.59,304.18,307.34
1947,2018-03-23,300.45,311.61,301.54,311.25
1946,2018-03-22,308.18,318.82,309.1,313.89
1945,2018-03-21,310.19,322.44,316.53,310.25
1944,2018-03-20,308.76,316.25,310.55,314.87
1943,2018-03-19,309.67,320.75,313.56,316.5
1942,2018-03-16,319.07,327.4,321.35,325.96
1941,2018-03-15,321.1,332.85,325.6,329.38
1940,2018-03-14,323.93,339.81,326.63,336.76
1939,2018-03-13,336.2635,345.12,341.84,344.92
1938,2018-03-12,326.5,347.21,345.51,328.61
1937,2018-03-09,322.37,328.49,327.17,324.1
1936,2018-03-08,326.274,333.3,329.1,332.86
1935,2018-03-07,321.74,332.5,332.3,325.44
1934,2018-03-06,327.03,336.37,328.2,333.75
1933,2018-03-05,329.2929,337.75,333.35,332.39
1932,2018-03-02,322.97,335.22,335.12,326.98
1931,2018-03-01,330.07,348.67,330.93,345.01
1930,2018-02-28,342.22,355.24,343.06,352.57
1929,2018-02-27,350.01,359.99,350.99,356.25
1928,2018-02-26,352.355,359.0,357.42,353.5
1927,2018-02-23,347.1,354.99,352.05,347.83
1926,2018-02-22,334.7501,347.44,346.17,335.53
1925,2018-02-21,333.17,339.6929,333.3,336.03
1924,2018-02-20,331.5,340.84,334.77,334.47
1923,2018-02-16,331.64,343.12,335.49,332.5
1922,2018-02-15,322.4,334.12,334.065,324.5
1921,2018-02-14,318.52,326.17,322.31,320.84
1920,2018-02-13,312.5105,324.19,323.66,315.02
1919,2018-02-12,306.25,318.08,315.73,316.13
1918,2018-02-09,294.76,320.9845,310.42,319.93
1917,2018-02-08,314.6,348.62,315.23,343.31
1916,2018-02-07,335.66,346.0,345.0,338.99
1915,2018-02-06,323.5,336.22,333.97,325.21
1914,2018-02-05,333.0,344.47,333.13,337.97
1913,2018-02-02,340.51,351.95,343.75,348.44
1912,2018-02-01,348.63,359.66,349.25,351.0
1911,2018-01-31,345.19,356.19,354.31,347.51
1910,2018-01-30,342.17,348.27,345.82,345.14
1909,2018-01-29,338.28,350.85,349.53,339.85
1908,2018-01-26,335.71,344.0,342.85,341.5
1907,2018-01-25,336.4,349.2,337.64,348.27
1906,2018-01-24,343.52,354.75,345.89,354.58
1905,2018-01-23,351.0,360.5,352.79,360.0
1904,2018-01-22,349.2,357.83,351.56,349.4
1903,2018-01-19,342.6,350.5899,350.02,345.0
1902,2018-01-18,343.74,352.3,344.57,345.67
1901,2018-01-17,339.75,349.0,347.16,340.47
1900,2018-01-16,334.8,345.0,340.06,337.54
1899,2018-01-12,333.67,340.41,336.22,338.63
1898,2018-01-11,333.26,344.8099,337.95,335.24
1897,2018-01-10,330.0,337.0,334.8,332.2
1896,2018-01-09,327.405,338.8,333.69,335.16
1895,2018-01-08,315.5,337.0199,336.41,316.0
1894,2018-01-05,312.0,317.24,316.58,316.62
1893,2018-01-04,305.68,318.55,314.62,312.87
1892,2018-01-03,315.55,325.25,317.25,321.0
1891,2018-01-02,311.0,322.1099,320.53,312.0
1890,2017-12-29,310.0,316.41,311.35,316.18
1889,2017-12-28,309.54,315.82,315.36,311.75
1888,2017-12-27,310.75,317.68,311.64,316.0
1887,2017-12-26,316.58,323.94,317.29,323.83
1886,2017-12-22,324.82,330.9214,325.2,329.51
1885,2017-12-21,327.21,333.74,331.66,329.59
1884,2017-12-20,325.04,333.1,328.98,332.69
1883,2017-12-19,330.3,341.4925,331.1,340.26
1882,2017-12-18,337.58,346.73,338.87,344.9
1881,2017-12-15,335.76,343.9,343.45,342.04
1880,2017-12-14,336.9,347.44,337.89,341.01
1879,2017-12-13,336.5,344.22,339.03,340.93
1878,2017-12-12,330.03,341.44,341.03,330.45
1877,2017-12-11,313.75,329.01,328.91,314.63
1876,2017-12-08,311.26,316.98,315.13,314.6
1875,2017-12-07,311.05,318.6341,311.24,312.0
1874,2017-12-06,300.0,313.39,313.26,300.1
1873,2017-12-05,301.0,308.0,303.7,302.0
1872,2017-12-04,300.61,308.265,305.2,306.5
1871,2017-12-01,305.05,310.32,306.53,305.44
1870,2017-11-30,304.54,310.7,308.85,308.56
1869,2017-11-29,301.23,318.0,307.54,317.3
1868,2017-11-28,313.92,320.0,317.55,316.36
1867,2017-11-27,309.51,317.34,316.81,313.25
1866,2017-11-24,311.0,316.41,315.55,313.79
1865,2017-11-22,311.84,317.42,312.6,316.77
1864,2017-11-21,308.71,318.23,317.81,310.86
1863,2017-11-20,304.75,315.5,308.74,313.79
1862,2017-11-17,313.15,326.67,315.05,325.67
1861,2017-11-16,311.3,318.14,312.5,313.99
1860,2017-11-15,301.5,312.49,311.3,306.01
1859,2017-11-14,306.9,316.35,308.7,315.0
1858,2017-11-13,299.11,316.8,315.4,300.13
1857,2017-11-10,301.85,308.36,302.99,302.5
1856,2017-11-09,296.3,304.46,302.99,302.5
1855,2017-11-08,301.3,306.89,304.39,305.5
1854,2017-11-07,300.03,306.5,306.05,301.02
1853,2017-11-06,299.01,307.5,302.78,307.0
1852,2017-11-03,295.13,306.25,306.09,299.5
1851,2017-11-02,292.63,308.69,299.26,300.13
1850,2017-11-01,320.26,332.61,321.08,332.25
1849,2017-10-31,320.18,331.95,331.53,320.23
1848,2017-10-30,317.25,323.78,320.08,319.18
1847,2017-10-27,316.66,324.59,320.87,319.75
1846,2017-10-26,323.2,330.23,326.17,327.78
1845,2017-10-25,323.56,337.5,325.84,336.7
1844,2017-10-24,336.16,342.8,337.34,338.8
1843,2017-10-23,336.25,349.95,337.02,349.88
1842,2017-10-20,344.34,354.55,345.1,352.69
1841,2017-10-19,348.2,357.15,351.81,355.56
1840,2017-10-18,354.13,363.0,359.65,355.97
1839,2017-10-17,350.07,356.22,355.75,350.91
1838,2017-10-16,347.16,354.48,350.6,353.76
1837,2017-10-13,353.68,358.49,355.57,356.98
1836,2017-10-12,352.64,359.78,355.68,352.95
1835,2017-10-11,351.15,357.6,354.6,353.89
1834,2017-10-10,345.53,355.63,355.59,346.8
1833,2017-10-09,342.67,351.75,342.94,349.65
1832,2017-10-06,352.25,360.1,356.88,353.1
1831,2017-10-05,351.35,357.44,355.33,356.0
1830,2017-10-04,349.6,358.62,355.01,351.25
1829,2017-10-03,331.28,348.55,348.14,335.9
1828,2017-10-02,335.51,343.7,341.53,342.52
1827,2017-09-29,338.6,344.68,341.1,341.86
1826,2017-09-28,335.4,342.75,339.6,339.88
1825,2017-09-27,340.5,351.49,340.97,349.9
1824,2017-09-26,340.9,351.24,345.25,350.93
1823,2017-09-25,342.88,357.47,344.99,353.15
1822,2017-09-22,350.88,369.9,351.09,366.49
1821,2017-09-21,364.51,376.83,366.48,374.9
1820,2017-09-20,371.07,378.25,373.91,373.0
1819,2017-09-19,373.57,382.39,375.1,380.0
1818,2017-09-18,377.68,389.61,385.0,380.25
1817,2017-09-15,372.7,380.0,379.81,374.51
1816,2017-09-14,362.63,377.96,377.64,364.33
1815,2017-09-13,359.59,368.07,366.23,363.82
1814,2017-09-12,360.4,368.76,362.75,364.49
1813,2017-09-11,350.0,363.71,363.69,351.35
1812,2017-09-08,342.3,349.78,343.4,348.99
1811,2017-09-07,343.45,352.48,350.61,345.98
1810,2017-09-06,341.56,350.98,344.53,349.5
1809,2017-09-05,345.89,355.49,349.59,353.8
1808,2017-09-01,353.69,357.59,355.4,356.12
1807,2017-08-31,352.82,358.44,355.9,353.55
1806,2017-08-30,347.0,353.47,353.18,349.67
1805,2017-08-29,338.75,349.05,347.36,339.48
1804,2017-08-28,339.72,347.35,345.66,347.28
1803,2017-08-25,347.3,355.69,348.05,354.24
1802,2017-08-24,349.74,356.66,352.93,352.52
1801,2017-08-23,338.3,353.49,352.77,338.99
1800,2017-08-22,337.37,342.24,341.35,341.13
1799,2017-08-21,331.85,345.82,337.86,345.82
1798,2017-08-18,345.8,354.0,347.46,352.91
1797,2017-08-17,351.59,363.3,351.92,361.21
1796,2017-08-16,362.52,366.5,362.91,363.0
1795,2017-08-15,359.37,365.49,362.33,365.2
1794,2017-08-14,362.6,367.66,363.8,364.63
1793,2017-08-11,353.62,361.26,357.87,356.97
1792,2017-08-10,354.66,366.65,355.4,361.6
1791,2017-08-09,358.95,370.0,363.53,361.0
1790,2017-08-08,357.4,368.58,365.22,357.53
1789,2017-08-07,352.75,359.48,355.17,357.35
1788,2017-08-04,343.3,357.27,356.91,347.0
1787,2017-08-03,343.15,350.0,347.09,345.33
1786,2017-08-02,311.22,327.12,325.89,318.94
1785,2017-08-01,316.13,324.45,319.57,323.0
1784,2017-07-31,321.04,341.49,323.47,335.5
1783,2017-07-28,332.51,339.6,335.07,336.89
1782,2017-07-27,326.29,347.5,334.46,346.0
1781,2017-07-26,338.12,345.5,343.85,340.36
1780,2017-07-25,334.15,345.6,339.6,345.0
1779,2017-07-24,330.01,343.4,342.52,330.24
1778,2017-07-21,325.8,331.26,328.4,329.46
1777,2017-07-20,324.2,330.22,329.92,326.9
1776,2017-07-19,323.22,331.65,325.26,328.23
1775,2017-07-18,315.66,329.13,328.24,317.5
1774,2017-07-17,313.45,327.1,319.57,325.54
1773,2017-07-14,321.22,328.42,327.78,323.19
1772,2017-07-13,319.97,331.6,323.41,330.11
1771,2017-07-12,324.5,333.1,329.52,330.4
1770,2017-07-11,314.3,327.28,327.22,316.0
1769,2017-07-10,303.13,317.94,316.05,312.9
1768,2017-07-07,307.38,317.0,313.22,313.5
1767,2017-07-06,306.3,320.7899,308.83,317.26
1766,2017-07-05,326.33,347.24,327.09,347.2
1765,2017-07-03,351.5,371.35,352.62,370.24
1764,2017-06-30,359.62,366.77,361.61,363.71
1763,2017-06-29,354.1,371.0,360.75,370.61
1762,2017-06-28,362.52,371.74,371.24,366.68
1761,2017-06-27,362.02,376.4,362.37,376.4
1760,2017-06-26,373.1,386.95,377.49,386.69
1759,2017-06-23,379.35,386.99,383.45,382.45
1758,2017-06-22,373.57,385.0,382.61,377.99
1757,2017-06-21,368.02,376.99,376.4,374.35
1756,2017-06-20,369.73,378.88,372.24,376.67
1755,2017-06-19,367.8,376.7,369.8,375.0
1754,2017-06-16,370.1,378.01,371.4,377.98
1753,2017-06-15,366.49,375.46,375.34,372.5
1752,2017-06-14,376.31,384.25,380.66,381.09
1751,2017-06-13,366.61,376.0,375.95,367.62
1750,2017-06-12,350.62,364.5,359.01,357.99
1749,2017-06-09,354.8,376.87,357.32,374.42
1748,2017-06-08,360.22,371.9,370.0,363.75
1747,2017-06-07,355.14,360.5,359.65,356.34
1746,2017-06-06,339.97,359.49,352.85,344.7
1745,2017-06-05,334.21,348.44,347.32,338.5
1744,2017-06-02,335.93,342.88,339.85,339.77
1743,2017-06-01,337.29,344.88,340.37,344.0
1742,2017-05-31,335.16,342.89,341.01,337.69
1741,2017-05-30,325.76,336.28,335.1,326.0
1740,2017-05-26,316.31,325.49,325.14,317.28
1739,2017-05-25,307.81,316.97,316.83,311.02
1738,2017-05-24,305.4,311.0,310.22,306.51
1737,2017-05-23,303.48,310.73,303.86,310.46
1736,2017-05-22,306.8,314.37,310.35,312.8
1735,2017-05-19,310.2,316.5,310.83,315.5
1734,2017-05-18,305.31,313.94,313.06,307.0
1733,2017-05-17,305.5,314.63,306.11,314.39
1732,2017-05-16,315.14,320.06,317.01,317.59
1731,2017-05-15,312.53,320.2,315.88,318.38
1730,2017-05-12,321.53,327.0,324.81,325.48
1729,2017-05-11,319.6,326.0,323.1,323.4
1728,2017-05-10,318.12,325.5,325.22,321.56
1727,2017-05-09,309.1,321.99,321.26,309.38
1726,2017-05-08,305.82,313.79,307.19,310.9
1725,2017-05-05,296.8,308.55,308.35,298.0
1724,2017-05-04,290.76,307.77,295.46,307.44
1723,2017-05-03,310.45,321.53,311.02,317.67
1722,2017-05-02,316.56,327.66,318.89,324.0
1721,2017-05-01,314.81,327.25,322.83,314.88
1720,2017-04-28,308.0,314.8,314.07,309.83
1719,2017-04-27,307.5,313.09,308.63,311.69
1718,2017-04-26,309.0,314.5,310.17,312.37
1717,2017-04-25,305.86,313.98,313.79,308.0
1716,2017-04-24,306.02,310.55,308.03,309.22
1715,2017-04-21,300.42,306.4,305.6,302.0
1714,2017-04-20,300.23,309.15,302.51,306.51
1713,2017-04-19,302.11,306.62,305.52,302.46
1712,2017-04-18,297.9,300.84,300.25,299.7
1711,2017-04-17,298.68,304.0,301.44,302.7
1710,2017-04-13,295.3,307.39,304.0,296.7
1709,2017-04-12,296.32,308.45,296.84,306.34
1708,2017-04-11,305.5,313.47,308.71,313.38
1707,2017-04-10,308.71,313.73,312.39,309.15
1706,2017-04-07,297.15,302.69,302.54,297.5
1705,2017-04-06,294.1,301.94,298.7,296.88
1704,2017-04-05,294.2,304.88,295.0,302.04
1703,2017-04-04,294.53,304.81,303.7,296.89
1702,2017-04-03,284.58,299.0,298.52,286.9
1701,2017-03-31,276.32,279.68,278.3,278.73
1700,2017-03-30,277.21,282.0,277.92,278.04
1699,2017-03-29,275.54,279.6,277.38,278.34
1698,2017-03-28,275.0,280.68,277.45,277.02
1697,2017-03-27,259.75,270.57,270.22,260.6
1696,2017-03-24,255.01,263.89,263.16,255.7
1695,2017-03-23,253.3,257.67,254.78,255.39
1694,2017-03-22,250.51,255.07,255.01,251.56
1693,2017-03-21,250.24,264.8,250.68,262.83
1692,2017-03-20,258.82,264.55,261.92,260.6
1691,2017-03-17,261.2,265.33,261.5,264.0
1690,2017-03-16,259.06,265.75,262.05,262.4
1689,2017-03-15,254.27,261.0,255.73,257.0
1688,2017-03-14,246.02,258.12,258.0,246.11
1687,2017-03-13,242.78,246.85,246.17,244.82
1686,2017-03-10,243.0,246.5,243.69,246.21
1685,2017-03-09,243.0,248.66,244.9,247.63
1684,2017-03-08,245.32,250.07,246.87,247.0
1683,2017-03-07,248.32,253.89,248.59,251.92
1682,2017-03-06,247.51,251.7,251.21,247.91
1681,2017-03-03,249.0,251.9,251.57,250.74
1680,2017-03-02,248.27,253.28,250.48,249.71
1679,2017-03-01,249.11,254.85,250.02,254.18
1678,2017-02-28,243.9,251.0,249.99,244.19
1677,2017-02-27,242.01,248.36,246.23,248.17
1676,2017-02-24,250.2,258.25,257.0,252.66
1675,2017-02-23,255.56,264.66,255.99,264.0
1674,2017-02-22,272.6,283.45,273.51,280.31
1673,2017-02-21,274.01,281.4,277.39,275.45
1672,2017-02-17,264.15,272.89,272.23,265.8
1671,2017-02-16,268.5,280.0,268.95,277.6
1670,2017-02-15,276.44,282.24,279.76,280.0
1669,2017-02-14,278.61,287.39,280.98,279.03
1668,2017-02-13,270.51,280.79,280.6,270.74
1667,2017-02-10,266.11,270.95,269.23,269.79
1666,2017-02-09,266.15,271.18,269.2,266.25
1665,2017-02-08,256.2,263.36,262.08,257.35
1664,2017-02-07,256.42,260.0,257.48,258.19
1663,2017-02-06,250.63,257.82,257.77,251.0
1662,2017-02-03,249.68,252.18,251.33,251.91
1661,2017-02-02,247.71,252.42,251.55,248.34
1660,2017-02-01,249.05,253.2,249.24,253.05
1659,2017-01-31,247.7,255.89,251.93,249.24
1658,2017-01-30,247.1,255.2899,250.63,252.53
1657,2017-01-27,248.52,253.0,252.95,251.38
1656,2017-01-26,250.75,255.74,252.51,254.29
1655,2017-01-25,251.8,258.46,254.47,257.31
1654,2017-01-24,249.65,254.8,254.61,250.0
1653,2017-01-23,245.5,250.8899,248.92,245.85
1652,2017-01-20,243.01,246.0,244.73,245.46
1651,2017-01-19,240.75,248.68,243.76,247.25
1650,2017-01-18,235.58,239.71,238.36,236.65
1649,2017-01-17,234.37,239.96,235.58,236.7
1648,2017-01-13,229.59,237.85,237.75,230.0
1647,2017-01-12,225.58,230.7,229.59,229.06
1646,2017-01-11,226.68,229.98,229.73,229.07
1645,2017-01-10,226.89,232.0,229.87,232.0
1644,2017-01-09,228.0,231.92,231.28,228.97
1643,2017-01-06,225.45,230.31,229.01,226.93
1642,2017-01-05,221.95,227.48,226.75,226.42
1641,2017-01-04,214.31,228.0,226.99,214.75
1640,2017-01-03,210.96,220.33,216.99,214.86
1639,2016-12-30,211.68,217.5,213.69,216.3
1638,2016-12-29,214.1225,219.2,214.68,218.56
1637,2016-12-28,217.2,223.8,219.74,221.53
1636,2016-12-27,214.42,222.25,219.53,214.88
1635,2016-12-23,207.71,213.45,213.34,208.0
1634,2016-12-22,206.5,209.99,208.45,208.22
1633,2016-12-21,207.41,212.23,207.7,208.45
1632,2016-12-20,202.5,209.0,208.79,203.05
1631,2016-12-19,199.84,204.45,202.73,202.49
1630,2016-12-16,197.6,202.59,202.49,198.08
1629,2016-12-15,197.39,200.74,197.58,198.41
1628,2016-12-14,196.76,203.0,198.69,198.74
1627,2016-12-13,193.0,201.28,198.15,193.18
1626,2016-12-12,191.04,194.42,192.43,192.8
1625,2016-12-09,190.81,193.836,192.18,190.87
1624,2016-12-08,189.54,192.5,192.29,192.05
1623,2016-12-07,185.0,193.4,193.15,186.15
1622,2016-12-06,182.6825,186.58,185.85,185.52
1621,2016-12-05,182.51,188.89,186.8,182.51
1620,2016-12-02,180.0,184.88,181.47,182.88
1619,2016-12-01,181.0,188.53,181.88,188.25
1618,2016-11-30,187.5,191.89,189.4,191.0
1617,2016-11-29,189.5,196.73,189.57,195.56
1616,2016-11-28,194.55,199.35,196.12,195.48
1615,2016-11-25,193.64,197.2372,196.65,193.64
1614,2016-11-23,189.0,195.644,193.14,190.61
1613,2016-11-22,183.71,191.47,191.17,185.84
1612,2016-11-21,184.41,188.89,184.52,185.04
1611,2016-11-18,185.0,193.0,185.02,190.65
1610,2016-11-17,182.1101,189.49,188.66,183.49
1609,2016-11-16,181.21,184.73,183.93,182.65
1608,2016-11-15,182.05,186.43,183.77,182.78
1607,2016-11-14,178.19,188.25,181.45,188.0
1606,2016-11-11,183.0,188.88,188.56,184.24
1605,2016-11-10,180.42,191.61,185.35,191.05
1604,2016-11-09,183.95,192.0,190.06,186.875
1603,2016-11-08,191.26,197.49,194.94,193.79
1602,2016-11-07,190.05,194.29,193.21,193.59
1601,2016-11-04,185.96,193.46,190.56,189.0
1600,2016-11-03,187.0401,191.47,187.42,189.0
1599,2016-11-02,187.505,192.6951,188.02,190.05
1598,2016-11-01,188.105,198.5,190.79,198.04
1597,2016-10-31,195.81,202.49,197.73,202.49
1596,2016-10-28,199.83,205.32,199.97,204.0
1595,2016-10-27,201.65,213.7,204.01,211.34
1594,2016-10-26,200.1,203.19,202.24,201.0
1593,2016-10-25,201.2,204.69,202.34,202.9
1592,2016-10-24,200.25,203.9452,202.76,201.0
1591,2016-10-21,197.41,201.57,200.09,198.6
1590,2016-10-20,197.05,203.0,199.1,202.12
1589,2016-10-19,198.06,206.66,203.56,199.74
1588,2016-10-18,193.26,199.47,199.1,195.99
1587,2016-10-17,192.0,198.39,193.96,197.05
1586,2016-10-14,196.3,201.43,196.51,200.66
1585,2016-10-13,197.05,200.895,200.24,200.5
1584,2016-10-12,200.42,203.88,201.51,200.95
1583,2016-10-11,198.31,202.2,200.1,201.85
1582,2016-10-10,199.66,204.14,200.95,201.35
1581,2016-10-07,195.8,201.32,196.61,201.0
1580,2016-10-06,200.21,204.2099,201.0,202.46
1579,2016-10-05,208.12,213.15,208.46,212.24
1578,2016-10-04,208.82,213.32,211.41,213.1
1577,2016-10-03,208.25,215.6688,213.7,212.3
1576,2016-09-30,199.55,204.98,204.03,202.21
1575,2016-09-29,200.58,207.33,200.7,205.6
1574,2016-09-28,205.26,208.25,206.27,207.51
1573,2016-09-27,204.6093,209.9818,205.81,209.65
1572,2016-09-26,206.5,211.0,208.99,206.5
1571,2016-09-23,205.67,210.18,207.45,205.99
1570,2016-09-22,203.0,207.28,206.43,206.4
1569,2016-09-21,201.56,207.0,205.22,206.37
1568,2016-09-20,203.91,207.75,204.64,206.85
1567,2016-09-19,205.0,209.43,206.34,207.0
1566,2016-09-16,199.0,205.7,205.4,200.42
1565,2016-09-15,196.4,202.5193,200.42,196.49
1564,2016-09-14,194.8562,197.9248,196.41,195.75
1563,2016-09-13,193.45,198.49,196.05,197.06
1562,2016-09-12,194.1,201.369,198.3,195.0
1561,2016-09-09,193.7,199.92,194.47,199.09
1560,2016-09-08,196.36,199.89,197.36,199.55
1559,2016-09-07,200.71,206.4968,201.71,205.5
1558,2016-09-06,199.0,203.25,202.83,199.02
1557,2016-09-02,196.2,203.2,197.78,202.33
1556,2016-09-01,200.5,211.0999,200.77,209.01
1555,2016-08-31,208.65,212.6,212.01,210.43
1554,2016-08-30,210.52,216.11,211.34,216.11
1553,2016-08-29,215.0,220.4,215.2,220.15
1552,2016-08-26,218.82,222.855,219.99,222.14
1551,2016-08-25,220.77,223.8,220.96,223.11
1550,2016-08-24,222.22,227.15,222.62,227.05
1549,2016-08-23,222.8,228.49,224.84,224.32
1548,2016-08-22,222.68,225.11,222.93,224.17
1547,2016-08-19,222.53,225.169,225.0,223.54
1546,2016-08-18,222.29,225.66,223.51,223.82
1545,2016-08-17,222.8,224.83,223.24,224.33
1544,2016-08-16,223.4101,227.19,223.61,225.49
1543,2016-08-15,224.93,229.5,225.59,226.02
1542,2016-08-12,224.04,226.65,225.61,225.41
1541,2016-08-11,223.41,227.57,224.91,226.17
1540,2016-08-10,224.62,229.87,225.65,228.24
1539,2016-08-09,226.65,231.5375,229.08,226.82
1538,2016-08-08,226.09,229.6,226.16,228.0
1537,2016-08-05,227.4,232.0,230.03,230.0
1536,2016-08-04,222.05,230.86,230.61,225.69
1535,2016-08-03,224.21,229.699,225.79,227.37
1534,2016-08-02,221.4,229.87,227.2,229.37
1533,2016-08-01,229.38,236.63,230.01,235.5
1532,2016-07-29,230.24,235.28,234.79,230.7
1531,2016-07-28,226.6,230.76,230.61,227.95
1530,2016-07-27,226.92,233.36,228.49,229.34
1529,2016-07-26,225.3,230.0,229.51,227.69
1528,2016-07-25,221.3715,231.39,230.01,222.27
1527,2016-07-22,218.88,224.5,222.27,221.99
1526,2016-07-21,219.1,227.847,220.5,226.0
1525,2016-07-20,225.0,229.8,228.36,226.47
1524,2016-07-19,224.75,229.1,225.26,225.0
1523,2016-07-18,218.3,227.09,226.25,219.64
1522,2016-07-15,219.64,222.7499,220.4,222.52
1521,2016-07-14,221.05,224.94,221.53,223.12
1520,2016-07-13,220.29,225.59,222.53,225.5
1519,2016-07-12,223.22,227.5,224.65,224.1
1518,2016-07-11,219.51,226.78,224.78,219.96
1517,2016-07-08,214.5,219.81,216.78,217.8
1516,2016-07-07,213.01,218.12,215.94,213.1
1515,2016-07-06,209.0,215.23,214.44,210.0
1514,2016-07-05,208.0,214.5441,213.98,209.73
1513,2016-07-01,206.0,218.24,216.5,206.14
1512,2016-06-30,209.02,213.4999,212.28,212.97
1511,2016-06-29,203.0,211.78,210.19,205.13
1510,2016-06-28,199.41,204.05,201.79,201.89
1509,2016-06-27,187.87,198.81,198.55,190.86
1508,2016-06-24,189.73,195.12,193.15,190.05
1507,2016-06-23,192.13,197.55,196.4,195.69
1506,2016-06-22,195.75,205.95,196.66,199.47
1505,2016-06-21,218.81,222.569,219.61,220.68
1504,2016-06-20,218.23,223.75,219.7,219.5
1503,2016-06-17,214.5,219.99,215.47,217.81
1502,2016-06-16,213.5,218.04,217.93,217.42
1501,2016-06-15,215.13,221.9,217.7,216.95
1500,2016-06-14,212.53,222.2,214.96,218.88
1499,2016-06-13,217.66,225.77,217.87,219.5
1498,2016-06-10,218.4217,227.97,218.79,227.39
1497,2016-06-09,227.06,235.33,229.36,234.98
1496,2016-06-08,232.605,240.845,235.52,233.8
1495,2016-06-07,221.52,234.44,232.34,222.24
1494,2016-06-06,215.45,220.9,220.68,218.0
1493,2016-06-03,218.01,221.94,218.99,220.0
1492,2016-06-02,217.11,219.909,218.96,219.59
1491,2016-06-01,216.89,222.4,219.56,221.48
1490,2016-05-31,221.5001,224.7497,223.23,223.04
1489,2016-05-27,220.75,225.93,223.04,224.99
1488,2016-05-26,219.05,225.26,225.12,220.5
1487,2016-05-25,216.51,221.36,219.58,217.91
1486,2016-05-24,215.18,218.74,217.91,216.6
1485,2016-05-23,215.86,222.6,216.22,219.87
1484,2016-05-20,216.35,220.55,220.28,216.99
1483,2016-05-19,207.3,216.79,215.21,213.62
1482,2016-05-18,207.75,215.31,211.17,209.15
1481,2016-05-17,204.02,209.8199,204.66,209.05
1480,2016-05-16,207.92,213.15,208.29,208.15
1479,2016-05-13,206.7,211.2,207.61,207.78
1478,2016-05-12,203.6572,211.67,207.28,211.44
1477,2016-05-11,206.05,215.48,208.96,207.59
1476,2016-05-10,205.0,209.47,208.69,207.55
1475,2016-05-09,206.8,216.15,208.92,215.72
1474,2016-05-06,208.11,216.37,214.93,210.87
1473,2016-05-05,209.79,228.64,211.53,228.46
1472,2016-05-04,220.4,234.46,222.56,230.29
1471,2016-05-03,231.62,238.91,232.32,237.36
1470,2016-05-02,234.82,243.19,241.8,241.5
1469,2016-04-29,237.81,248.43,240.76,248.14
1468,2016-04-28,247.44,253.43,247.71,249.85
1467,2016-04-27,249.4,255.0,251.47,252.75
1466,2016-04-26,249.39,255.73,253.74,252.05
1465,2016-04-25,250.76,257.38,251.82,253.01
1464,2016-04-22,245.71,254.0,253.75,248.89
1463,2016-04-21,246.91,250.9,248.29,248.99
1462,2016-04-20,241.5,253.66,249.97,246.26
1461,2016-04-19,241.251,254.3699,247.37,253.12
1460,2016-04-18,251.66,258.31,253.88,252.23
1459,2016-04-15,249.12,254.6,254.51,251.31
1458,2016-04-14,251.0501,256.839,251.86,253.0
1457,2016-04-13,247.33,255.5,254.53,248.51
1456,2016-04-12,243.63,251.8,247.82,249.5
1455,2016-04-11,245.3,258.99,249.92,251.0
1454,2016-04-08,248.0201,260.82,250.07,260.5
1453,2016-04-07,254.51,269.34,257.2,266.45
1452,2016-04-06,253.45,267.74,265.42,253.97
1451,2016-04-05,240.0,256.56,255.47,240.5
1450,2016-04-04,243.64,252.12,246.99,249.12
1449,2016-04-01,233.25,247.9,237.59,244.825
1448,2016-03-31,225.01,237.42,229.77,229.34
1447,2016-03-30,226.5,235.5,226.89,235.09
1446,2016-03-29,225.33,232.38,230.13,229.89
1445,2016-03-28,225.0,234.81,230.26,231.61
1444,2016-03-24,215.0,228.8877,227.75,215.78
1443,2016-03-23,222.03,234.73,222.58,232.37
1442,2016-03-22,232.558,238.99,234.24,237.21
1441,2016-03-21,235.0,239.88,238.32,235.34
1440,2016-03-18,228.06,234.48,232.74,229.1
1439,2016-03-17,220.0,228.5,226.38,221.47
1438,2016-03-16,217.02,222.58,221.93,218.0
1437,2016-03-15,211.5,218.97,218.34,214.27
1436,2016-03-14,210.64,216.72,215.15,212.65
1435,2016-03-11,205.33,209.42,207.5,207.93
1434,2016-03-10,200.671,213.29,205.18,210.0
1433,2016-03-09,202.79,209.3726,208.72,204.52
1432,2016-03-08,202.2,207.5,202.6,203.5
1431,2016-03-07,197.4,209.7,205.29,197.68
1430,2016-03-04,197.5001,204.03,201.04,198.0
1429,2016-03-03,184.22,197.42,195.74,188.28
1428,2016-03-02,181.5,188.52,188.34,183.73
1427,2016-03-01,182.7,195.9484,186.35,194.25
1426,2016-02-29,189.222,196.35,191.93,192.4
1425,2016-02-26,185.0,192.0,190.34,188.7
1424,2016-02-25,175.2,188.5192,187.43,178.65
1423,2016-02-24,167.84,179.5,179.0,172.75
1422,2016-02-23,173.68,181.73,177.21,176.16
1421,2016-02-22,169.85,178.91,177.74,170.12
1420,2016-02-19,162.5,167.49,166.58,163.66
1419,2016-02-18,164.77,172.95,166.77,172.42
1418,2016-02-17,156.68,169.34,168.68,159.0
1417,2016-02-16,154.11,162.95,155.17,158.7
1416,2016-02-12,143.7,157.01,151.04,155.0
1415,2016-02-11,147.0,163.26,150.47,152.0
1414,2016-02-10,141.74,154.97,143.67,150.5
1413,2016-02-09,141.05,159.79,148.25,142.32
1412,2016-02-08,146.0,157.15,147.99,157.105
1411,2016-02-05,157.7442,173.0,162.6,171.3
1410,2016-02-04,166.99,175.98,175.33,170.7
1409,2016-02-03,170.18,183.94,173.48,183.59
1408,2016-02-02,180.23,193.12,182.78,192.42
1407,2016-02-01,182.75,199.52,196.94,188.76
1406,2016-01-29,188.08,193.74,191.2,189.95
1405,2016-01-28,182.41,191.28,189.7,190.79
1404,2016-01-27,185.77,193.26,188.07,192.38
1403,2016-01-26,188.88,197.82,193.56,196.7
1402,2016-01-25,195.88,203.57,196.38,200.06
1401,2016-01-22,199.03,205.5,202.55,204.8005
1400,2016-01-21,195.02,203.23,199.97,201.55
1399,2016-01-20,191.25,201.28,198.7,199.4
1398,2016-01-19,200.78,210.47,204.72,208.71
1397,2016-01-15,197.25,205.07,204.99,198.97
1396,2016-01-14,193.38,210.0,206.18,202.21
1395,2016-01-13,200.0,212.65,200.31,212.01
1394,2016-01-12,205.31,213.7395,209.97,211.6
1393,2016-01-11,203.0,214.45,207.85,214.01
1392,2016-01-08,210.77,220.44,211.0,217.86
1391,2016-01-07,213.67,218.44,215.65,214.19
1390,2016-01-06,215.98,220.05,219.04,220.0
1389,2016-01-05,220.0,226.89,223.43,226.36
1388,2016-01-04,219.0,231.38,223.41,230.72
1387,2015-12-31,238.37,243.45,240.01,238.51
1386,2015-12-30,235.6707,243.634,238.09,236.6
1385,2015-12-29,229.547,237.72,237.19,230.06
1384,2015-12-28,225.54,231.98,228.95,231.49
1383,2015-12-24,228.28,231.88,230.57,230.56
1382,2015-12-23,228.13,233.45,229.7,232.18
1381,2015-12-22,229.63,236.55,229.95,234.99
1380,2015-12-21,231.08,235.83,232.56,231.69
1379,2015-12-18,229.29,235.9,230.46,232.89
1378,2015-12-17,229.8149,237.76,233.39,233.94
1377,2015-12-16,220.73,234.88,234.51,222.1
1376,2015-12-15,218.0,222.22,221.09,221.82
1375,2015-12-14,214.87,220.92,218.58,217.51
1374,2015-12-11,216.64,225.75,217.02,225.24
1373,2015-12-10,223.64,228.49,227.07,224.71
1372,2015-12-09,220.72,227.5,224.52,226.7
1371,2015-12-08,224.2,228.8,226.72,227.52
1370,2015-12-07,226.15,235.63,231.13,227.7
1369,2015-12-04,227.66,233.27,230.38,232.46
1368,2015-12-03,230.0,237.45,232.71,235.48
1367,2015-12-02,231.23,238.6,231.99,237.0
1366,2015-12-01,231.05,238.0,237.19,231.06
1365,2015-11-30,229.08,234.28,230.26,231.79
1364,2015-11-27,227.01,232.25,231.61,231.06
1363,2015-11-25,220.375,230.825,229.64,221.34
1362,2015-11-24,215.0,221.0,218.25,215.37
1361,2015-11-23,214.6798,219.18,217.75,217.35
1360,2015-11-20,213.58,225.0,220.01,223.49
1359,2015-11-19,220.3,226.19,221.8,220.54
1358,2015-11-18,212.52,221.38,221.07,214.5
1357,2015-11-17,211.4,216.0,214.0,215.2
1356,2015-11-16,205.8,214.98,214.31,206.09
1355,2015-11-13,206.52,212.99,207.19,212.95
1354,2015-11-12,212.66,219.0,212.94,217.85
1353,2015-11-11,213.63,219.48,219.08,217.77
1352,2015-11-10,216.08,223.7,216.5,223.48
1351,2015-11-09,224.31,232.99,225.33,232.99
1350,2015-11-06,229.5,233.359,232.36,230.7
1349,2015-11-05,229.19,234.5843,231.77,230.58
1348,2015-11-04,225.2,232.74,231.63,227.0
1347,2015-11-03,207.75,214.44,208.35,213.85
1346,2015-11-02,207.22,215.8,213.79,208.92
1345,2015-10-30,203.89,211.63,206.93,210.4
1344,2015-10-29,210.64,213.7481,211.63,211.75
1343,2015-10-28,208.3,213.45,212.96,211.31
1342,2015-10-27,207.51,217.1,210.35,214.84
1341,2015-10-26,210.0,215.88,215.26,211.38
1340,2015-10-23,207.69,215.35,209.09,215.0
1339,2015-10-22,209.4,215.75,211.72,211.56
1338,2015-10-21,208.8,214.81,210.09,211.99
1337,2015-10-20,202.0,228.6,213.03,227.72
1336,2015-10-19,224.94,231.15,228.1,226.5
1335,2015-10-16,222.87,230.4805,227.01,223.04
1334,2015-10-15,213.7,221.73,221.31,216.43
1333,2015-10-14,215.43,220.95,216.88,220.67
1332,2015-10-13,211.13,222.522,219.25,213.28
1331,2015-10-12,215.27,223.0,215.58,222.99
1330,2015-10-09,218.36,224.37,220.69,220.93
1329,2015-10-08,221.31,230.72,226.72,230.08
1328,2015-10-07,229.12,237.7,231.96,236.63
1327,2015-10-06,235.58,243.03,241.46,240.0
1326,2015-10-05,244.13,249.84,246.15,248.84
1325,2015-10-02,234.93,247.7,247.57,235.6
1324,2015-10-01,237.13,248.5,239.88,247.51
1323,2015-09-30,242.34,252.4,248.4,252.0
1322,2015-09-29,245.46,254.73,246.65,250.46
1321,2015-09-28,246.61,259.79,248.43,257.35
1320,2015-09-25,256.15,266.91,256.91,266.61
1319,2015-09-24,256.21,263.45,263.12,259.53
1318,2015-09-23,257.5838,262.08,261.06,261.95
1317,2015-09-22,255.87,262.65,260.94,259.03
1316,2015-09-21,255.8,271.57,264.2,263.98
1315,2015-09-18,257.5,263.82,260.62,257.96
1314,2015-09-17,260.69,265.5,262.07,263.96
1313,2015-09-16,252.88,262.88,262.25,253.04
1312,2015-09-15,249.5,254.6,253.57,252.75
1311,2015-09-14,249.67,254.25,253.19,251.1
1310,2015-09-11,244.73,250.24,250.24,247.64
1309,2015-09-10,245.33,250.7231,248.48,247.23
1308,2015-09-09,248.303,254.25,248.91,252.05
1307,2015-09-08,244.05,249.16,248.17,245.05
1306,2015-09-04,238.2,244.09,241.93,240.89
1305,2015-09-03,245.0,252.08,245.57,252.06
1304,2015-09-02,239.78,247.88,247.69,245.14
1303,2015-09-01,236.97,246.0,238.63,240.34
1302,2015-08-31,245.51,254.95,249.06,245.77
1301,2015-08-28,241.57,251.45,248.48,241.86
1300,2015-08-27,230.81,244.75,242.99,231.0
1299,2015-08-26,215.51,228.0,224.84,227.93
1298,2015-08-25,219.12,230.9,220.03,230.52
1297,2015-08-24,195.0,231.4,218.87,202.79
1296,2015-08-21,230.51,243.7999,230.77,236.0
1295,2015-08-20,241.9,254.56,242.18,252.06
1294,2015-08-19,255.02,260.65,255.25,260.33
1293,2015-08-18,253.5601,260.95,260.72,255.38
1292,2015-08-17,250.51,256.59,254.99,255.56
1291,2015-08-14,241.77,247.93,243.15,247.24
1290,2015-08-13,239.12,246.48,242.51,239.86
1289,2015-08-12,232.74,239.77,238.17,235.0
1288,2015-08-11,234.44,239.3,237.37,237.15
1287,2015-08-10,236.05,242.97,241.14,238.15
1286,2015-08-07,238.39,243.73,242.51,243.58
1285,2015-08-06,236.12,255.0,246.13,249.54
1284,2015-08-05,260.4,271.0,270.13,263.58
1283,2015-08-04,258.34,266.72,266.28,260.01
1282,2015-08-03,257.07,266.7099,259.99,266.29
1281,2015-07-31,265.123,269.3599,266.15,267.6
1280,2015-07-30,262.11,266.94,266.79,262.69
1279,2015-07-29,262.0,267.89,263.82,264.27
1278,2015-07-28,251.8373,265.4,264.82,255.75
1277,2015-07-27,250.79,264.4321,253.01,262.43
1276,2015-07-24,263.92,271.09,265.41,267.38
1275,2015-07-23,265.27,269.9,267.2,269.65
1274,2015-07-22,260.86,269.44,267.87,261.27
1273,2015-07-21,266.55,273.5,266.77,270.05
1272,2015-07-20,272.54,286.65,282.26,275.0
1271,2015-07-17,268.25,275.54,274.66,272.5
1270,2015-07-16,263.16,267.2,266.68,264.22
1269,2015-07-15,262.08,267.49,263.14,266.74
1268,2015-07-14,260.51,265.9899,265.65,262.1
1267,2015-07-13,256.05,262.55,262.16,262.25
1266,2015-07-10,257.82,263.0,259.15,262.22
1265,2015-07-09,256.79,262.95,257.92,259.08
1264,2015-07-08,254.31,260.8,254.96,259.32
1263,2015-07-07,260.77,275.2,267.88,275.0
1262,2015-07-06,276.3,281.69,279.72,278.88
1261,2015-07-02,273.31,282.45,280.02,280.195
1260,2015-07-01,267.8503,272.62,269.15,271.11
1259,2015-06-30,264.0,270.92,268.26,264.8
1258,2015-06-29,260.7,265.95,262.02,261.95
1257,2015-06-26,266.0,269.11,267.09,268.89
1256,2015-06-25,265.25,271.41,268.79,266.45
1255,2015-06-24,263.72,267.35,265.17,266.98
1254,2015-06-23,258.57,268.0,267.67,260.32
1253,2015-06-22,255.69,264.4,259.79,262.15
1252,2015-06-19,260.1,263.8,262.51,262.4
1251,2015-06-18,260.02,263.46,261.89,262.0
1250,2015-06-17,252.02,264.36,260.41,252.17
1249,2015-06-16,249.095,253.44,253.12,250.13
1248,2015-06-15,246.01,251.28,250.38,249.7
1247,2015-06-12,250.21,253.46,250.69,250.21
1246,2015-06-11,250.43,254.37,251.41,253.26
1245,2015-06-10,248.5,254.0,250.7,251.9
1244,2015-06-09,254.14,257.74,256.0,255.4
1243,2015-06-08,250.31,258.75,256.29,250.85
1242,2015-06-05,245.68,249.7,249.14,246.0
1241,2015-06-04,245.71,249.3,245.92,247.5
1240,2015-06-03,247.01,250.72,248.99,248.2
1239,2015-06-02,246.3,249.4,248.35,248.92
1238,2015-06-01,247.47,251.6,249.45,251.41
1237,2015-05-29,249.43,252.8677,250.8,251.0
1236,2015-05-28,245.05,251.8,251.45,247.03
1235,2015-05-27,245.55,249.5,247.43,248.51
1234,2015-05-26,246.5,252.0,247.455,247.68
1233,2015-05-22,245.01,248.6,247.73,245.38
1232,2015-05-21,242.3574,246.62,245.62,243.03
1231,2015-05-20,241.3721,247.74,244.35,247.13
1230,2015-05-19,246.15,251.0,247.14,248.43
1229,2015-05-18,246.0,249.9,248.75,247.0
1228,2015-05-15,242.5,249.4,248.84,243.93
1227,2015-05-14,241.25,244.89,244.1,244.82
1226,2015-05-13,242.25,248.3,243.18,247.61
1225,2015-05-12,238.19,246.35,244.74,240.11
1224,2015-05-11,235.31,242.88,239.49,236.29
1223,2015-05-08,233.7,238.4099,236.61,235.99
1222,2015-05-07,220.25,237.48,236.8,221.0
1221,2015-05-06,228.2,234.47,230.43,234.1
1220,2015-05-05,229.13,239.5,232.95,237.76
1219,2015-05-04,227.11,234.73,230.51,228.18
1218,2015-05-01,220.405,231.77,226.03,229.94
1217,2015-04-30,225.17,232.89,226.05,230.39
1216,2015-04-29,227.63,234.97,232.45,230.05
1215,2015-04-28,228.03,235.5,230.48,234.75
1214,2015-04-27,222.0,238.75,231.55,222.56
1213,2015-04-24,218.01,220.8,218.425,220.5
1212,2015-04-23,217.1501,221.48,218.6,218.27
1211,2015-04-22,211.69,221.88,219.44,212.5
1210,2015-04-21,204.31,210.75,209.41,205.8
1209,2015-04-20,203.85,207.85,205.27,206.78
1208,2015-04-17,203.5,206.88,206.79,204.99
1207,2015-04-16,206.29,209.17,206.7,207.7
1206,2015-04-15,206.6,209.59,207.83,207.46
1205,2015-04-14,205.5,209.49,207.46,208.57
1204,2015-04-13,209.05,213.0,209.78,210.435
1203,2015-04-10,209.0,211.65,210.9,209.85
1202,2015-04-09,206.12,210.37,210.09,208.43
1201,2015-04-08,205.87,210.9,207.67,208.2
1200,2015-04-07,201.14,205.06,203.25,202.51
1199,2015-04-06,197.5,207.75,203.1,198.0
1198,2015-04-02,190.0,193.23,191.0,190.23
1197,2015-04-01,186.05,192.3,187.59,188.7
1196,2015-03-31,188.41,193.76,188.77,193.53
1195,2015-03-30,181.8,192.25,190.57,185.85
1194,2015-03-27,181.4,189.2899,185.0,189.07
1193,2015-03-26,189.7,194.79,190.405,193.92
1192,2015-03-25,192.7,198.59,194.3,198.27
1191,2015-03-24,199.75,203.79,201.72,201.58
1190,2015-03-23,197.47,200.5,199.63,198.5
1189,2015-03-20,195.621,198.99,198.08,197.45
1188,2015-03-19,194.53,204.59,195.65,202.0
1187,2015-03-18,193.11,200.88,200.71,194.96
1186,2015-03-17,193.94,198.71,194.73,195.43
1185,2015-03-16,189.8,195.91,195.7,192.0
1184,2015-03-13,187.32,191.75,188.68,188.95
1183,2015-03-12,189.75,194.45,191.07,193.75
1182,2015-03-11,191.01,196.18,193.74,191.15
1181,2015-03-10,187.6,193.5,190.32,188.46
1180,2015-03-09,188.25,194.49,190.88,194.39
1179,2015-03-06,192.151,200.75,193.88,199.21
1178,2015-03-05,200.15,206.19,200.63,202.85
1177,2015-03-04,197.21,202.52,202.435,199.25
1176,2015-03-03,195.32,200.2435,199.56,196.81
1175,2015-03-02,195.825,203.34,197.325,202.7
1174,2015-02-27,202.8,208.55,203.34,206.9
1173,2015-02-26,202.22,211.09,207.19,204.0
1172,2015-02-25,202.58,207.14,203.76,204.94
1171,2015-02-24,201.7,207.29,204.11,207.29
1170,2015-02-23,206.33,218.2,207.335,215.66
1169,2015-02-20,209.81,217.6,217.11,210.78
1168,2015-02-19,203.75,212.44,211.705,205.0
1167,2015-02-18,202.6,206.17,204.46,204.17
1166,2015-02-17,201.5,205.7,204.35,205.7
1165,2015-02-13,200.91,205.99,203.77,202.9
1164,2015-02-12,193.28,203.0882,202.88,193.57
1163,2015-02-11,207.28,214.74,212.8,212.21
1162,2015-02-10,215.0,220.5,216.29,217.55
1161,2015-02-09,211.99,217.93,217.48,215.38
1160,2015-02-06,216.5001,223.4,217.36,222.0
1159,2015-02-05,219.638,225.48,220.99,219.88
1158,2015-02-04,216.8,221.479,218.55,218.29
1157,2015-02-03,211.27,220.37,218.36,213.22
1156,2015-02-02,203.3,211.9499,210.94,203.97
1155,2015-01-30,203.0,207.47,203.6,203.96
1154,2015-01-29,196.5,205.98,205.2,201.07
1153,2015-01-28,198.42,206.368,199.37,206.11
1152,2015-01-27,203.3,208.03,205.98,204.42
1151,2015-01-26,201.05,208.62,206.55,201.83
1150,2015-01-23,198.33,203.5,201.29,200.29
1149,2015-01-22,195.2,203.24,201.62,197.0
1148,2015-01-21,189.51,198.68,196.57,189.55
1147,2015-01-20,187.04,194.1199,191.93,193.87
1146,2015-01-16,189.65,194.49,193.07,190.7
1145,2015-01-15,190.0,195.7499,191.87,194.49
1144,2015-01-14,185.0,195.2,192.69,185.83
1143,2015-01-13,200.911,207.61,204.25,203.32
1142,2015-01-12,199.25,204.47,202.21,203.05
1141,2015-01-09,204.96,209.98,206.66,208.92
1140,2015-01-08,210.01,213.7999,210.615,212.81
1139,2015-01-07,209.78,214.78,210.95,213.35
1138,2015-01-06,204.21,214.2,211.28,210.06
1137,2015-01-05,207.1626,216.5,210.09,214.55
1136,2015-01-02,213.26,223.25,219.31,222.87
1135,2014-12-31,222.25,225.68,222.41,223.09
1134,2014-12-30,221.4,225.654,222.23,223.99
1133,2014-12-29,224.02,227.91,225.71,226.9
1132,2014-12-26,221.5,228.5,227.82,221.51
1131,2014-12-24,219.25,222.5,222.26,219.77
1130,2014-12-23,219.5242,224.315,220.97,223.81
1129,2014-12-22,218.26,224.06,222.6,220.0
1128,2014-12-19,214.5,220.4,219.29,220.19
1127,2014-12-18,211.8,218.44,218.26,212.38
1126,2014-12-17,192.65,206.65,205.82,193.06
1125,2014-12-16,195.37,203.68,197.81,200.89
1124,2014-12-15,202.67,209.8,204.04,209.29
1123,2014-12-12,204.5,211.68,207.0,204.82
1122,2014-12-11,208.23,215.43,208.88,210.53
1121,2014-12-10,207.7,216.77,209.84,214.13
1120,2014-12-09,204.27,217.7294,216.89,209.34
1119,2014-12-08,212.34,224.86,214.36,221.54
1118,2014-12-05,222.26,229.389,223.71,228.67
1117,2014-12-04,227.81,230.9,228.28,228.6
1116,2014-12-03,225.5,229.72,229.3,226.25
1115,2014-12-02,228.0,234.88,231.43,234.57
1114,2014-12-01,229.01,242.47,231.64,241.16
1113,2014-11-28,242.52,246.6899,244.52,245.35
1112,2014-11-26,246.6003,249.0,248.44,248.34
1111,2014-11-25,246.0905,249.72,248.09,247.35
1110,2014-11-24,240.64,247.6,246.72,245.2
1109,2014-11-21,242.17,252.78,242.78,252.21
1108,2014-11-20,246.0,250.93,248.71,247.95
1107,2014-11-19,245.6,251.88,247.74,250.61
1106,2014-11-18,255.51,259.99,257.7,255.86
1105,2014-11-17,252.02,259.0,253.98,257.49
1104,2014-11-14,248.5,258.85,258.68,250.0
1103,2014-11-13,250.25,255.75,251.7,250.62
1102,2014-11-12,245.58,252.34,249.1,249.72
1101,2014-11-11,242.0,251.82,251.08,242.55
1100,2014-11-10,236.8,242.88,241.93,239.11
1099,2014-11-07,237.2,242.8399,240.2,242.19
1098,2014-11-06,228.5,246.69,241.22,234.49
1097,2014-11-05,230.53,241.36,230.97,241.0
1096,2014-11-04,236.53,242.35,238.93,240.49
1095,2014-11-03,241.32,247.56,242.59,243.0
1094,2014-10-31,238.75,243.12,241.7,242.51
1093,2014-10-30,235.06,240.5,238.66,238.14
1092,2014-10-29,235.64,241.5,238.1,241.13
1091,2014-10-28,228.25,244.6,242.77,229.6
1090,2014-10-27,220.31,234.61,221.67,234.25
1089,2014-10-24,231.2,237.8,235.24,236.27
1088,2014-10-23,232.0,236.28,235.29,234.655
1087,2014-10-22,230.56,237.39,231.1,233.19
1086,2014-10-21,230.8,235.39,235.34,234.27
1085,2014-10-20,225.51,232.4,230.47,226.72
1084,2014-10-17,226.55,234.77,227.48,233.38
1083,2014-10-16,219.1,229.92,226.35,219.72
1082,2014-10-15,217.32,230.99,229.7,220.0
1081,2014-10-14,223.0,232.47,227.06,228.25
1080,2014-10-13,221.0,238.9628,224.59,238.57
1079,2014-10-10,235.2,245.89,236.91,244.64
1078,2014-10-09,254.4,265.54,257.01,262.25
1077,2014-10-08,252.64,262.88,259.28,260.1
1076,2014-10-07,255.73,261.46,259.57,258.53
1075,2014-10-06,257.8,262.49,260.62,259.13
1074,2014-10-03,251.033,256.5,255.21,253.06
1073,2014-10-02,245.36,252.79,251.42,250.2
1072,2014-10-01,235.65,242.66,240.24,242.2
1071,2014-09-30,240.1249,247.65,242.68,246.92
1070,2014-09-29,241.38,248.64,245.26,244.0
1069,2014-09-26,246.07,249.73,246.6,248.25
1068,2014-09-25,246.1,254.96,246.95,252.52
1067,2014-09-24,247.04,252.84,252.14,251.12
1066,2014-09-23,245.0,253.8,250.41,245.22
1065,2014-09-22,244.71,256.02,250.03,255.0
1064,2014-09-19,255.27,261.43,259.32,257.99
1063,2014-09-18,262.32,265.6,263.82,263.36
1062,2014-09-17,259.5,264.7,261.38,262.41
1061,2014-09-16,252.42,262.46,260.74,255.15
1060,2014-09-15,249.13,274.4,253.86,274.37
1059,2014-09-12,277.0,282.39,279.2,280.5
1058,2014-09-11,278.63,284.79,280.31,280.46
1057,2014-09-10,273.66,281.41,281.1,279.5
1056,2014-09-09,277.0,285.49,278.48,282.99
1055,2014-09-08,277.5227,284.88,282.11,277.62
1054,2014-09-05,272.51,282.9,277.39,282.55
1053,2014-09-04,280.4,291.42,286.04,284.01
1052,2014-09-03,280.1,288.0,281.19,287.67
1051,2014-09-02,274.3,284.89,284.12,275.5
1050,2014-08-29,267.51,272.0,269.7,268.7
1049,2014-08-28,261.64,264.48,263.86,261.89
1048,2014-08-27,260.29,264.24,263.25,263.5
1047,2014-08-26,261.66,265.5,261.74,264.98
1046,2014-08-25,258.19,263.68,262.55,258.19
1045,2014-08-22,252.61,256.9499,256.78,254.54
1044,2014-08-21,253.26,258.8,254.34,256.52
1043,2014-08-20,253.0,258.74,255.71,254.67
1042,2014-08-19,251.62,259.33,256.76,258.87
1041,2014-08-18,259.75,267.26,259.94,263.25
1040,2014-08-15,258.5,262.09,262.01,261.48
1039,2014-08-14,258.54,263.0,261.38,262.49
1038,2014-08-13,259.61,265.64,260.31,262.01
1037,2014-08-12,254.5801,260.3,259.96,258.08
1036,2014-08-11,255.0,263.74,259.32,255.48
1035,2014-08-08,246.5,251.76,248.13,251.16
1034,2014-08-07,249.12,256.688,252.39,250.12
1033,2014-08-06,238.58,251.42,248.9301,238.9
1032,2014-08-05,235.69,242.99,238.49,237.47
1031,2014-08-04,233.27,240.5,238.52,234.38
1030,2014-08-01,226.0,237.5,233.27,226.09
1029,2014-07-31,221.5,231.4,223.3,229.26
1028,2014-07-30,221.04,229.6,228.92,221.92
1027,2014-07-29,224.86,228.3,225.01,226.61
1026,2014-07-28,221.402,232.0,224.82,224.25
1025,2014-07-25,221.75,226.97,223.57,222.72
1024,2014-07-24,220.8,225.1,223.54,223.25
1023,2014-07-23,219.43,224.75,222.49,220.01
1022,2014-07-22,219.1113,223.3,219.58,222.19
1021,2014-07-21,216.72,223.21,220.54,217.25
1020,2014-07-18,215.93,221.21,220.0201,215.95
1019,2014-07-17,213.6,220.55,215.4,216.16
1018,2014-07-16,216.82,224.8,217.16,221.82
1017,2014-07-15,218.1,227.65,219.58,226.73
1016,2014-07-14,215.4502,228.79,226.7,219.99
1015,2014-07-11,217.6,221.6,218.13,220.61
1014,2014-07-10,216.04,222.22,219.46,217.18
1013,2014-07-09,219.21,224.22,223.06,221.27
1012,2014-07-08,214.27,220.96,219.07,218.65
1011,2014-07-07,220.4,229.78,222.66,227.5
1010,2014-07-03,224.0,231.8984,229.25,231.29
1009,2014-07-02,227.07,242.33,229.425,240.66
1008,2014-07-01,238.7,243.44,239.72,242.46
1007,2014-06-30,239.0,244.49,240.06,239.55
1006,2014-06-27,234.5001,240.0,239.06,234.69
1005,2014-06-26,234.211,240.4,235.6,237.17
1004,2014-06-25,230.24,237.55,236.891,233.05
1003,2014-06-24,231.6278,241.88,232.5,238.97
1002,2014-06-23,228.22,238.99,237.22,229.51
1001,2014-06-20,226.2,231.29,229.59,228.52
1000,2014-06-19,227.0,235.31,227.79,228.88
999,2014-06-18,226.12,231.71,227.12,231.5
998,2014-06-17,222.85,235.54,231.67,224.11
997,2014-06-16,206.26,225.49,224.61,206.76
996,2014-06-13,201.584,206.79,206.42,204.78
995,2014-06-12,202.71,209.88,203.52,205.1
994,2014-06-11,199.251,205.0,204.47,201.5
993,2014-06-10,201.55,206.97,202.3,204.43
992,2014-06-09,204.2,209.99,205.31,207.95
991,2014-06-06,207.18,210.81,208.171,209.75
990,2014-06-05,204.05,209.2,206.9,204.47
989,2014-06-04,200.396,206.26,203.99,204.35
988,2014-06-03,202.59,208.0,204.94,203.49
987,2014-06-02,201.67,209.35,204.7,207.33
986,2014-05-30,207.02,214.8,207.77,210.3
985,2014-05-29,207.72,212.49,210.24,210.57
984,2014-05-28,205.26,212.77,210.24,210.02
983,2014-05-27,207.7,213.87,211.56,208.52
982,2014-05-23,202.5,207.76,207.3,204.53
981,2014-05-22,199.5604,206.88,204.88,200.35
980,2014-05-21,194.79,199.87,199.45,196.18
979,2014-05-20,193.0701,199.33,195.3,196.94
978,2014-05-19,190.0,196.89,196.09,190.72
977,2014-05-16,187.72,192.04,191.56,188.95
976,2014-05-15,185.3,192.6599,188.59,189.98
975,2014-05-14,187.1,193.48,190.62,188.95
974,2014-05-13,183.0,191.34,190.16,183.76
973,2014-05-12,179.88,187.19,184.67,183.87
972,2014-05-09,177.22,183.4,182.26,179.86
971,2014-05-08,178.0,194.4,178.59,182.0
970,2014-05-07,197.25,210.2,201.35,209.64
969,2014-05-06,206.85,218.6596,207.28,216.6
968,2014-05-05,208.52,217.69,216.61,209.48
967,2014-05-02,206.52,211.36,210.91,208.6
966,2014-05-01,205.69,214.02,207.73,207.08
965,2014-04-30,201.28,208.16,207.89,203.6
964,2014-04-29,195.5301,207.149,206.92,198.21
963,2014-04-28,190.5,203.7899,198.51,200.0
962,2014-04-25,197.65,206.7,199.85,202.0
961,2014-04-24,203.2,212.8,207.86,210.81
960,2014-04-23,207.0,216.74,207.99,216.33
959,2014-04-22,205.01,219.33,218.64,206.36
958,2014-04-21,194.0,206.2,204.38,197.08
957,2014-04-17,194.08,202.29,198.12,199.61
956,2014-04-16,190.82,199.99,199.11,197.0
955,2014-04-15,184.32,199.29,193.91,199.09
954,2014-04-14,194.41,208.44,198.09,207.6
953,2014-04-11,198.6,207.0,203.78,200.61
952,2014-04-10,203.7901,217.5,204.19,216.82
951,2014-04-09,210.89,218.45,216.93,216.76
950,2014-04-08,206.42,216.4899,215.46,210.05
949,2014-04-07,203.51,216.2,207.52,205.81
948,2014-04-04,211.25,228.27,212.225,226.01
947,2014-04-03,222.0,235.73,225.4,230.3
946,2014-04-02,218.05,230.89,230.29,220.0
945,2014-04-01,208.58,218.16,216.97,209.02
944,2014-03-31,206.39,216.75,208.45,216.5
943,2014-03-28,210.27,216.72,212.37,212.8
942,2014-03-27,203.0,213.6,207.32,212.37
941,2014-03-26,211.3501,222.6,212.96,221.95
940,2014-03-25,217.9,227.05,220.44,224.14
939,2014-03-24,210.27,229.9,220.17,229.75
938,2014-03-21,227.5,236.2,228.89,236.02
937,2014-03-20,233.36,239.25,234.91,236.16
936,2014-03-19,233.51,241.55,235.84,241.39
935,2014-03-18,235.02,241.5,240.04,236.95
934,2014-03-17,230.5,237.93,233.98,234.95
933,2014-03-14,228.32,236.9365,230.97,235.29
932,2014-03-13,234.0,244.19,237.79,243.79
931,2014-03-12,231.11,247.5,241.49,231.5
930,2014-03-11,232.4262,244.6,234.41,236.5
929,2014-03-10,236.06,243.0,238.84,242.7
928,2014-03-07,244.41,254.85,246.21,252.94
927,2014-03-06,249.45,257.5,252.94,254.14
926,2014-03-05,251.8,256.99,252.66,256.72
925,2014-03-04,252.83,260.0,254.84,258.48
924,2014-03-03,234.99,251.65,250.56,237.26
923,2014-02-28,242.55,252.68,244.81,249.65
922,2014-02-27,248.33,261.9,252.54,261.25
921,2014-02-26,247.5,265.0,253.0,258.58
920,2014-02-25,228.45,259.2,248.0,230.0
919,2014-02-24,208.32,218.36,217.65,208.7599
918,2014-02-21,209.19,213.98,209.6,211.64
917,2014-02-20,206.27,215.21,209.97,215.01
916,2014-02-19,193.41,203.7,193.64,203.7
915,2014-02-18,201.3601,206.0,203.7,205.244
914,2014-02-14,197.0,201.88,198.23,198.1
913,2014-02-13,193.25,202.72,199.63,193.34
912,2014-02-12,194.32,198.269,195.32,195.78
911,2014-02-11,192.7,202.2,196.62,199.19
910,2014-02-10,189.32,199.3,196.56,189.34
909,2014-02-07,179.6,186.63,186.53,181.01
908,2014-02-06,176.0,180.11,178.38,176.3
907,2014-02-05,169.36,180.59,174.42,178.3
906,2014-02-04,176.2,181.6,178.73,180.7
905,2014-02-03,175.16,184.8797,177.11,182.89
904,2014-01-31,178.5146,186.0,181.41,178.85
903,2014-01-30,177.01,184.78,182.84,178.0
902,2014-01-29,173.131,179.09,175.23,175.3
901,2014-01-28,171.0,178.98,178.38,171.5
900,2014-01-27,164.71,177.92,169.62,175.16
899,2014-01-24,173.531,180.48,174.6,177.85
898,2014-01-23,173.42,182.38,181.5,177.23
897,2014-01-22,174.76,180.319,178.56,177.81
896,2014-01-21,170.81,177.29,176.68,171.24
895,2014-01-17,167.95,173.2,170.01,170.19
894,2014-01-16,162.4,172.7,170.97,162.5
893,2014-01-15,162.1,172.23,164.13,168.45
892,2014-01-14,136.671,162.0,161.27,140.5
891,2014-01-13,137.82,147.0,139.34,145.78
890,2014-01-10,142.25,148.9,145.7199,148.46
889,2014-01-09,146.85,153.43,147.53,152.5
888,2014-01-08,148.76,153.7,151.28,148.85
887,2014-01-07,145.25,150.4,149.36,147.62
886,2014-01-06,145.24,150.4,147.0,150.0
885,2014-01-03,148.601,152.19,149.56,150.0
884,2014-01-02,146.55,152.4769,150.1,149.8
883,2013-12-31,148.661,153.2,150.429,152.32
882,2013-12-30,150.75,154.81,152.44,151.12
881,2013-12-27,150.8,155.4999,151.12,155.3
880,2013-12-26,154.29,158.0,155.5,155.04
879,2013-12-24,149.82,154.97,151.41,150.0
878,2013-12-23,142.601,146.24,143.55,144.85
877,2013-12-20,141.58,144.35,143.24,141.58
876,2013-12-19,139.1,147.0,140.72,146.9
875,2013-12-18,145.95,154.9,147.98,152.24
874,2013-12-17,146.3235,154.63,152.46,147.58
873,2013-12-16,146.1,150.43,147.94,148.48
872,2013-12-13,147.32,151.8,147.654,148.05
871,2013-12-12,138.53,148.24,147.47,139.7
870,2013-12-11,139.49,143.05,139.65,141.88
869,2013-12-10,139.86,145.87,142.19,140.05
868,2013-12-09,134.21,141.7,141.6,137.0
867,2013-12-06,136.3,142.49,137.36,141.51
866,2013-12-05,139.5,143.35,140.48,140.15
865,2013-12-04,137.13,144.43,138.95,144.32
864,2013-12-03,131.59,144.94,144.7,132.68
863,2013-12-02,123.931,128.55,124.17,126.35
862,2013-11-29,126.98,130.59,127.28,129.77
861,2013-11-27,119.52,126.95,126.94,121.6
860,2013-11-26,116.1,122.72,120.5,119.38
859,2013-11-25,120.3,125.84,120.84,124.5
858,2013-11-22,117.93,122.75,121.38,121.58
857,2013-11-21,120.25,124.789,122.1,122.89
856,2013-11-20,119.06,127.45,121.11,126.08
855,2013-11-19,119.22,129.0,126.09,119.43
854,2013-11-18,119.61,135.45,121.58,135.27
853,2013-11-15,134.35,137.95,135.45,136.85
852,2013-11-14,134.111,140.4,137.6,138.92
851,2013-11-13,136.3425,142.37,138.7,140.84
850,2013-11-12,136.18,144.7,137.8,144.69
849,2013-11-11,137.1,145.42,144.698,141.0
848,2013-11-08,132.32,140.6,137.95,136.48
847,2013-11-07,137.62,145.65,139.772,144.19
846,2013-11-06,146.355,160.73,151.16,154.81
845,2013-11-05,171.3601,181.43,176.81,180.0
844,2013-11-04,164.22,175.3899,175.2,165.0
843,2013-11-01,160.41,165.9,162.17,163.0
842,2013-10-31,153.3,162.44,159.94,155.67
841,2013-10-30,158.17,167.6799,159.22,164.63
840,2013-10-29,153.0,165.4458,164.47,162.76
839,2013-10-28,162.2,170.5,162.86,170.18
838,2013-10-25,166.8,174.5,169.66,174.21
837,2013-10-24,162.8255,174.5,173.15,165.0
836,2013-10-23,160.15,171.81,164.5,168.91
835,2013-10-22,166.11,177.78,171.54,170.5
834,2013-10-21,171.0,183.39,172.6,183.28
833,2013-10-18,182.52,185.96,183.4,184.15
832,2013-10-17,180.99,184.8,182.802,183.54
831,2013-10-16,182.09,187.3,183.56,184.9
830,2013-10-15,183.18,188.789,183.94,185.28
829,2013-10-14,174.15,182.5,179.72,175.0
828,2013-10-11,171.2,179.288,178.7,172.75
827,2013-10-10,169.69,175.75,172.93,173.09
826,2013-10-09,161.5,174.99,168.78,174.73
825,2013-10-08,173.21,185.93,174.73,184.4
824,2013-10-07,180.26,186.73,183.07,182.46
823,2013-10-04,172.65,181.18,180.98,176.4
822,2013-10-03,168.0,179.69,173.31,175.045
821,2013-10-02,175.4,191.83,180.95,188.59
820,2013-10-01,188.37,194.23,193.0,193.96
819,2013-09-30,188.0,194.5,193.37,189.0
818,2013-09-27,186.43,191.28,190.9,187.52
817,2013-09-26,185.611,189.68,188.64,186.7
816,2013-09-25,180.5,186.3,185.238,183.56
815,2013-09-24,177.65,184.96,182.33,179.1401
814,2013-09-23,177.11,185.48,181.11,184.48
813,2013-09-20,178.56,185.83,183.39,178.9
812,2013-09-19,169.08,180.47,177.92,170.8
811,2013-09-18,164.2,167.45,166.218,167.07
810,2013-09-17,163.361,168.42,166.23,165.08
809,2013-09-16,165.85,170.85,166.58,168.0
808,2013-09-13,162.16,166.37,165.54,162.77
807,2013-09-12,160.51,166.76,164.93,164.0
806,2013-09-11,162.13,167.895,163.52,166.41
805,2013-09-10,160.63,167.5,166.37,161.45
804,2013-09-09,158.51,164.5,160.7,163.12
803,2013-09-06,165.15,169.7,166.97,168.57
802,2013-09-05,168.25,171.5,169.93,170.1
801,2013-09-04,165.56,171.62,170.622,169.77
800,2013-09-03,166.4,173.7,168.94,173.4
799,2013-08-30,163.96,169.21,169.0,166.37
798,2013-08-29,162.51,167.75,166.06,164.215
797,2013-08-28,163.25,171.5,166.45,169.06
796,2013-08-27,160.9501,168.8,167.01,162.3
795,2013-08-26,160.25,173.0,164.22,165.15
794,2013-08-23,155.0,162.3,161.839,157.0
793,2013-08-22,148.14,157.48,157.1,149.22
792,2013-08-21,146.25,150.3091,147.86,150.0
791,2013-08-20,147.0,149.78,149.58,148.65
790,2013-08-19,142.83,147.38,144.9,143.4269
789,2013-08-16,140.97,143.907,142.0,141.63
788,2013-08-15,135.0,143.5999,139.67,136.4301
787,2013-08-14,138.05,144.8399,139.36,142.72
786,2013-08-13,144.45,149.84,145.43,149.5
785,2013-08-12,142.05,150.5,147.38,149.43
784,2013-08-09,151.25,155.95,153.0,152.4
783,2013-08-08,150.46,158.88,153.48,154.355
782,2013-08-07,132.36,141.95,134.23,141.89
781,2013-08-06,141.1,145.73,142.15,144.75
780,2013-08-05,139.65,144.89,144.68,140.01
779,2013-08-02,133.61,138.25,138.0,134.59
778,2013-08-01,132.631,136.52,135.55,135.0
777,2013-07-31,131.45,134.975,134.28,132.57
776,2013-07-30,128.18,137.49,131.74,134.8
775,2013-07-29,128.25,135.37,134.62,129.32
774,2013-07-26,126.61,130.68,129.39,128.14
773,2013-07-25,120.19,124.75,124.07,120.4
772,2013-07-24,119.56,124.5,121.7,124.47
771,2013-07-23,121.82,125.56,122.74,124.0
770,2013-07-22,119.88,126.68,122.43,119.89
769,2013-07-19,116.51,120.55,119.68,118.5
768,2013-07-18,116.18,122.73,119.03,120.97
767,2013-07-17,104.5,121.62,120.25,106.52
766,2013-07-16,107.3,126.32,109.05,126.28
765,2013-07-15,126.82,133.259,127.26,133.03
764,2013-07-12,124.51,129.94,129.9,125.5
763,2013-07-11,122.35,126.09,125.61,124.88
762,2013-07-10,120.79,123.25,122.27,123.19
761,2013-07-09,121.91,125.32,123.45,124.64
760,2013-07-08,118.82,122.1799,121.61,121.37
759,2013-07-05,115.7,120.28,120.09,118.32
758,2013-07-03,114.27,119.25,115.24,118.0
757,2013-07-02,115.5,121.89,117.82,118.255
756,2013-07-01,109.15,117.77,117.179,109.36
755,2013-06-28,106.71,109.44,107.36,108.57
754,2013-06-27,106.132,110.25,109.25,106.75
753,2013-06-26,102.66,105.8699,105.72,103.8
752,2013-06-25,100.55,104.2,102.4,103.1
751,2013-06-24,95.3,102.87,101.49,96.5
750,2013-06-21,97.5,103.7,99.55,103.7
749,2013-06-20,99.45,107.13,100.65,104.65
748,2013-06-19,102.01,106.67,104.68,102.06
747,2013-06-18,99.2,103.98,103.39,101.75
746,2013-06-17,101.2,104.75,102.2,103.6
745,2013-06-14,99.33,102.52,100.3,100.0
744,2013-06-13,95.1201,99.28,98.18,99.0
743,2013-06-12,95.75,100.48,97.73,96.8
742,2013-06-11,94.05,98.68,94.47,98.18
741,2013-06-10,98.57,102.52,100.05,98.93
740,2013-06-07,96.7,102.9,102.04,98.0
739,2013-06-06,95.11,99.27,97.35,95.25
738,2013-06-05,89.11,97.9699,95.37,93.66
737,2013-06-04,92.4001,96.42,94.84,92.75
736,2013-06-03,88.25,97.62,92.59,97.62
735,2013-05-31,97.73,106.44,97.76,106.26
734,2013-05-30,101.2,109.54,104.95,102.46
733,2013-05-29,99.0,114.9,104.629,113.55
732,2013-05-28,100.3,110.75,110.334,101.55
731,2013-05-24,92.0,97.95,97.08,92.6
730,2013-05-23,83.05,93.01,92.73,84.805
729,2013-05-22,85.5,90.96,87.24,86.37
728,2013-05-21,85.2801,89.99,87.59,88.5
727,2013-05-20,88.63,92.5,89.94,91.12
726,2013-05-17,87.5,94.4399,91.5,92.5
725,2013-05-16,88.66,95.0,92.248,94.7
724,2013-05-15,78.11,86.88,84.842,81.8
723,2013-05-14,81.15,97.12,83.24,94.22
722,2013-05-13,79.151,88.0,87.8,80.99
721,2013-05-10,69.25,81.0,76.764,69.65
720,2013-05-09,63.69,75.77,69.4,70.12
719,2013-05-08,55.71,58.2,55.7865,57.5
718,2013-05-07,55.12,62.37,55.51,62.0
717,2013-05-06,55.5,59.66,59.5,56.39
716,2013-05-03,54.5,56.47,54.55,56.47
715,2013-05-02,53.7,55.27,54.11,53.85
714,2013-05-01,53.0,55.99,53.28,55.99
713,2013-04-30,53.76,58.18,53.99,56.0
712,2013-04-29,51.2,54.99,54.94,51.76
711,2013-04-26,50.62,53.74,51.2,53.13
710,2013-04-25,50.5,52.4,52.0,50.5
709,2013-04-24,48.98,51.05,50.43,50.9
708,2013-04-23,50.66,52.92,51.01,51.0
707,2013-04-22,47.75,50.2,50.19,48.6
706,2013-04-19,47.07,49.88,47.83,47.46
705,2013-04-18,45.3901,47.599,46.97,45.98
704,2013-04-17,44.54,45.95,45.45,45.5
703,2013-04-16,43.91,46.14,45.59,44.19
702,2013-04-15,42.51,43.8,43.3,43.5
701,2013-04-12,43.05,45.139,43.75,43.25
700,2013-04-11,41.75,44.55,43.59,42.06
699,2013-04-10,40.61,42.01,41.86,40.7
698,2013-04-09,40.33,41.8299,40.5,41.8
697,2013-04-08,41.51,42.5499,41.83,41.97
696,2013-04-05,40.5,42.0,41.37,42.0
695,2013-04-04,40.811,42.25,42.01,41.11
694,2013-04-03,40.2105,43.47,41.1,43.1
693,2013-04-02,43.5101,45.5,44.34,43.6
692,2013-04-01,41.7,46.68,43.93,42.36
691,2013-03-28,37.75,38.24,37.89,38.23
690,2013-03-27,37.31,38.38,38.16,37.94
689,2013-03-26,37.66,38.22,37.86,37.98
688,2013-03-25,36.77,38.52,37.53,37.1
687,2013-03-22,36.2,36.8,36.62,36.2
686,2013-03-21,35.74,37.06,36.01,35.95
685,2013-03-20,35.16,36.07,35.95,35.26
684,2013-03-19,34.94,35.6,35.08,35.25
683,2013-03-18,34.92,36.06,35.15,35.3
682,2013-03-15,35.21,36.65,35.29,36.64
681,2013-03-14,36.77,38.91,36.85,38.9
680,2013-03-13,38.81,39.49,38.98,39.0
679,2013-03-12,38.85,39.38,39.12,38.9
678,2013-03-11,38.65,39.44,39.1,38.87
677,2013-03-08,37.36,39.44,38.47,38.06
676,2013-03-07,36.88,38.65,38.23,37.73
675,2013-03-06,36.97,37.88,37.69,37.01
674,2013-03-05,35.79,36.92,36.65,36.0
673,2013-03-04,34.7,35.83,35.58,34.77
672,2013-03-01,34.25,35.08,34.65,35.0
671,2013-02-28,34.37,36.1,34.83,35.89
670,2013-02-27,34.4,35.41,35.1,34.41
669,2013-02-26,33.8,34.96,34.43,34.46
668,2013-02-25,34.34,36.75,34.38,36.15
667,2013-02-22,35.6,36.39,36.11,35.72
666,2013-02-21,34.54,37.39,35.16,36.49
665,2013-02-20,38.46,39.65,38.54,39.3
664,2013-02-19,37.31,39.29,39.28,37.36
663,2013-02-15,36.95,38.51,37.04,38.5
662,2013-02-14,38.21,38.75,38.3,38.64
661,2013-02-13,38.05,39.0,38.45,38.3
660,2013-02-12,37.29,38.87,37.89,38.45
659,2013-02-11,37.5,39.15,38.42,37.98
658,2013-02-08,39.14,40.0,39.24,39.45
657,2013-02-07,38.95,39.68,39.48,39.19
656,2013-02-06,37.9045,39.39,39.17,38.18
655,2013-02-05,37.68,38.65,38.13,38.0
654,2013-02-04,37.59,38.42,37.74,38.4
653,2013-02-01,37.62,38.5,38.3,38.17
652,2013-01-31,36.93,37.87,37.51,37.87
651,2013-01-30,37.43,38.0,37.52,37.85
650,2013-01-29,37.13,38.44,37.95,38.1
649,2013-01-28,36.86,38.71,38.03,36.86
648,2013-01-25,36.8,37.54,36.98,37.0
647,2013-01-24,35.84,37.72,36.99,36.0
646,2013-01-23,34.96,36.24,36.0,35.02
645,2013-01-22,34.26,35.55,35.19,34.56
644,2013-01-18,33.82,34.78,34.52,34.74
643,2013-01-17,33.92,34.85,34.38,34.16
642,2013-01-16,33.73,34.23,34.1,33.85
641,2013-01-15,33.08,34.25,33.9,33.11
640,2013-01-14,32.85,33.38,33.26,33.08
639,2013-01-11,32.11,34.04,32.91,34.04
638,2013-01-10,33.38,33.99,33.53,33.87
637,2013-01-09,33.4,34.19,33.64,34.01
636,2013-01-08,33.11,34.5,33.68,34.5
635,2013-01-07,33.9,34.8,34.34,34.8
634,2013-01-04,33.92,34.8,34.4,34.8
633,2013-01-03,34.75,35.45,34.77,35.18
632,2013-01-02,34.705,35.4499,35.36,35.0
631,2012-12-31,33.0,33.97,33.87,33.0
630,2012-12-28,33.02,33.65,33.22,33.38
629,2012-12-27,33.0,33.91,33.69,33.5
628,2012-12-26,33.5,34.5,33.59,33.96
627,2012-12-24,33.55,34.35,34.28,33.64
626,2012-12-21,33.58,34.17,34.0,33.94
625,2012-12-20,34.05,34.7881,34.43,34.51
624,2012-12-19,34.52,35.26,34.61,34.75
623,2012-12-18,34.26,35.07,34.59,34.26
622,2012-12-17,33.75,34.5,34.4,33.77
621,2012-12-14,33.59,34.4,33.81,33.6
620,2012-12-13,32.75,35.3,33.61,35.26
619,2012-12-12,34.95,35.8,35.26,35.21
618,2012-12-11,34.46,35.5,35.28,34.6
617,2012-12-10,34.18,34.7999,34.57,34.43
616,2012-12-07,33.85,34.49,34.17,34.3
615,2012-12-06,33.5,34.8,33.9,33.82
614,2012-12-05,33.58,34.19,33.71,33.82
613,2012-12-04,33.55,34.8,33.9,34.08
612,2012-12-03,33.5,35.0,34.62,33.89
611,2012-11-30,33.01,34.28,33.82,33.63
610,2012-11-29,32.87,34.0,33.69,33.44
609,2012-11-28,31.91,34.29,33.23,32.0
608,2012-11-27,31.52,32.66,32.15,32.13
607,2012-11-26,31.62,32.3,32.27,32.1
606,2012-11-23,31.7,32.83,32.13,32.6
605,2012-11-21,32.286,33.47,32.47,32.61
604,2012-11-20,31.91,33.1,33.0,32.8
603,2012-11-19,31.84,33.25,32.92,32.07
602,2012-11-16,30.5901,32.0,31.8399,31.15
601,2012-11-15,30.5,31.44,30.82,31.3
600,2012-11-14,31.204,32.12,31.38,31.96
599,2012-11-13,30.72,32.0,31.6143,31.29
598,2012-11-12,30.16,31.42,31.07,30.29
597,2012-11-09,29.85,30.93,30.32,30.6
596,2012-11-08,30.94,31.88,31.31,31.01
595,2012-11-07,30.81,32.05,31.54,31.0
594,2012-11-06,29.95,31.2,31.15,30.61
593,2012-11-05,29.33,31.58,31.5,29.8
592,2012-11-02,28.55,29.55,28.9182,29.27
591,2012-11-01,28.2,29.49,29.2454,28.25
590,2012-10-31,27.37,28.35,28.1314,27.7
589,2012-10-26,27.02,27.8,27.38,27.53
588,2012-10-25,27.45,27.8,27.52,27.8
587,2012-10-24,27.25,28.52,27.42,28.52
586,2012-10-23,27.3702,28.56,28.39,27.38
585,2012-10-22,27.36,28.0,27.85,27.99
584,2012-10-19,27.3,28.2,27.74,27.83
583,2012-10-18,27.78,28.99,28.04,28.99
582,2012-10-17,27.8,28.84,28.8191,28.25
581,2012-10-16,27.34,28.09,28.06,27.67
580,2012-10-15,26.86,28.05,27.33,28.0
579,2012-10-12,27.5,28.73,27.64,28.32
578,2012-10-11,28.25,28.98,28.32,28.96
577,2012-10-10,28.01,28.72,28.4,28.39
576,2012-10-09,28.25,29.12,28.37,29.12
575,2012-10-08,28.611,29.4,29.25,28.86
574,2012-10-05,28.68,29.81,28.89,29.7
573,2012-10-04,28.65,30.1,29.4,30.0
572,2012-10-03,29.2401,29.95,29.3,29.75
571,2012-10-02,29.0,29.89,29.8,29.28
570,2012-10-01,29.0,29.89,29.16,29.5
569,2012-09-28,28.61,29.89,29.28,28.73
568,2012-09-27,27.6,28.54,28.49,27.75
567,2012-09-26,27.48,28.4,27.54,27.67
566,2012-09-25,27.53,29.48,27.66,28.62
565,2012-09-24,29.4,31.03,30.66,29.51
564,2012-09-21,29.54,31.49,30.02,31.1
563,2012-09-20,30.68,31.5,30.9,30.93
562,2012-09-19,30.94,31.74,31.05,31.0
561,2012-09-18,30.68,31.9,31.34,31.88
560,2012-09-17,31.51,32.78,32.54,32.35
559,2012-09-14,29.65,30.65,30.39,30.0
558,2012-09-13,28.48,29.5,29.48,28.57
557,2012-09-12,27.8,28.58,28.28,27.9
556,2012-09-11,27.4,28.16,27.8,27.76
555,2012-09-10,27.295,29.35,27.37,29.2
554,2012-09-07,28.5,29.57,29.35,28.55
553,2012-09-06,27.9,28.9,28.55,28.0
552,2012-09-05,27.81,28.5,27.94,28.01
551,2012-09-04,27.9,28.99,28.14,28.52
550,2012-08-31,28.2,28.84,28.52,28.61
549,2012-08-30,28.1,28.74,28.41,28.6
548,2012-08-29,28.02,28.64,28.41,28.49
547,2012-08-28,28.0,29.375,28.69,28.4
546,2012-08-27,28.17,29.7,28.32,29.57
545,2012-08-24,29.41,30.24,29.5,30.06
544,2012-08-23,29.65,30.85,30.73,30.0
543,2012-08-22,29.01,30.04,29.95,29.01
542,2012-08-21,29.0,30.0,29.11,29.58
541,2012-08-20,29.1,30.39,29.51,30.15
540,2012-08-17,29.98,30.71,30.01,30.29
539,2012-08-16,29.5,30.39,30.3,29.53
538,2012-08-15,28.81,29.7,29.4,29.39
537,2012-08-14,29.26,31.17,29.42,30.75
536,2012-08-13,29.101,31.3,31.17,29.69
535,2012-08-10,29.31,29.94,29.94,29.31
534,2012-08-09,29.1301,30.0,29.41,29.52
533,2012-08-08,28.59,30.0,29.09,29.9
532,2012-08-07,28.5,30.9,30.25,28.77
531,2012-08-06,27.55,28.7,28.27,27.55
530,2012-08-03,26.74,27.55,27.27,26.9
529,2012-08-02,25.52,26.85,26.1,26.84
528,2012-08-01,26.03,27.99,26.25,27.99
527,2012-07-31,27.35,27.97,27.42,27.54
526,2012-07-30,27.21,30.248,27.35,29.51
525,2012-07-27,28.1,29.66,29.51,28.71
524,2012-07-26,27.64,30.0,28.13,29.9
523,2012-07-25,28.75,29.98,28.95,29.92
522,2012-07-24,29.62,31.04,29.84,30.66
521,2012-07-23,30.62,31.3,30.66,31.05
520,2012-07-20,31.25,32.25,31.79,32.07
519,2012-07-19,32.04,33.15,32.27,32.72
518,2012-07-18,31.06,33.67,32.15,31.42
517,2012-07-17,32.38,35.21,33.35,35.0
516,2012-07-16,33.9,36.0,35.96,34.32
515,2012-07-13,32.83,34.4,34.25,32.97
514,2012-07-12,30.8,33.01,32.7,31.29
513,2012-07-11,31.01,31.68,31.51,31.57
512,2012-07-10,30.89,32.48,31.27,31.54
511,2012-07-09,30.67,31.83,31.49,30.94
510,2012-07-06,30.8,31.73,30.99,30.99
509,2012-07-05,30.8,31.67,31.23,30.81
508,2012-07-03,30.4,31.0,30.66,30.6
507,2012-07-02,30.19,31.7995,30.4,31.35
506,2012-06-29,31.0,32.8,31.29,32.8
505,2012-06-28,30.62,32.11,31.41,31.9
504,2012-06-27,31.57,32.445,31.96,31.9
503,2012-06-26,31.39,32.35,31.61,32.05
502,2012-06-25,32.75,34.12,33.11,33.94
501,2012-06-22,32.46,33.98,33.785,32.6
500,2012-06-21,31.84,34.28,32.19,34.26
499,2012-06-20,33.21,34.5,33.78,33.5
498,2012-06-19,31.5,32.6594,32.09,32.02
497,2012-06-18,29.5,32.33,31.84,29.94
496,2012-06-15,28.81,29.95,29.91,29.39
495,2012-06-14,28.62,30.65,29.39,30.18
494,2012-06-13,29.47,30.64,29.77,29.55
493,2012-06-12,28.81,29.84,29.66,29.23
492,2012-06-11,28.9584,31.0,29.12,30.31
491,2012-06-08,28.1475,30.19,30.08,28.86
490,2012-06-07,28.85,29.87,28.93,29.81
489,2012-06-06,28.14,29.45,29.22,28.2
488,2012-06-05,27.56,28.39,27.91,27.84
487,2012-06-04,27.11,28.41,27.88,28.03
486,2012-06-01,27.76,29.16,28.15,28.53
485,2012-05-31,28.75,30.29,29.5,30.07
484,2012-05-30,30.24,31.42,30.41,31.08
483,2012-05-29,30.01,31.93,31.69,30.01
482,2012-05-25,29.2,30.4076,29.81,30.16
481,2012-05-24,29.69,31.25,30.32,31.25
480,2012-05-23,29.5,31.05,31.02,30.56
479,2012-05-22,30.0,31.34,30.79,30.1
478,2012-05-21,27.12,29.26,28.77,27.58
477,2012-05-18,26.83,28.46,27.56,28.37
476,2012-05-17,28.24,29.79,28.57,29.3
475,2012-05-16,28.88,30.18,29.18,29.58
474,2012-05-15,29.22,30.96,29.43,30.26
473,2012-05-14,30.05,32.13,30.06,31.92
472,2012-05-11,32.16,33.44,32.25,32.49
471,2012-05-10,32.4,34.68,32.96,32.97
470,2012-05-09,29.76,30.77,30.06,30.3
469,2012-05-08,29.37,32.7281,30.19,32.5
468,2012-05-07,31.61,32.58,32.47,31.96
467,2012-05-04,31.4,32.46,31.83,32.2
466,2012-05-03,32.13,34.0,32.46,33.91
465,2012-05-02,33.39,34.39,33.94,33.5
464,2012-05-01,33.13,34.21,33.78,33.13
463,2012-04-30,32.58,33.36,33.13,33.27
462,2012-04-27,32.91,33.63,33.34,33.6
461,2012-04-26,32.91,33.52,33.49,32.96
460,2012-04-25,32.07,32.99,32.91,32.07
459,2012-04-24,31.0,32.2,31.82,31.82
458,2012-04-23,31.71,32.97,31.94,32.86
457,2012-04-20,32.94,33.7299,33.16,33.14
456,2012-04-19,32.5,33.43,33.16,32.75
455,2012-04-18,31.53,32.75,32.66,32.09
454,2012-04-17,32.04,33.07,32.24,32.43
453,2012-04-16,32.09,33.7,32.25,33.41
452,2012-04-13,32.85,34.04,33.59,33.94
451,2012-04-12,32.92,34.48,33.44,33.77
450,2012-04-11,32.01,33.29,33.09,33.24
449,2012-04-10,32.1,33.849,32.46,33.15
448,2012-04-09,33.1,34.29,33.15,34.1
447,2012-04-05,34.41,35.44,34.48,35.1
446,2012-04-04,34.69,35.49,35.0,35.27
445,2012-04-03,36.67,38.4696,38.01,36.7
444,2012-04-02,36.53,37.97,36.58,37.33
443,2012-03-30,36.68,37.94,37.24,37.52
442,2012-03-29,37.03,38.19,37.33,38.19
441,2012-03-28,37.1104,38.44,37.85,37.78
440,2012-03-27,37.03,39.95,37.94,37.16
439,2012-03-26,35.0414,38.09,37.4,35.59
438,2012-03-23,33.15,34.63,34.08,34.26
437,2012-03-22,34.3,35.15,34.4,34.97
436,2012-03-21,34.6,35.3,35.15,34.94
435,2012-03-20,34.57,35.2,34.96,34.98
434,2012-03-19,34.54,35.32,34.98,35.26
433,2012-03-16,34.83,35.89,35.32,34.9
432,2012-03-15,34.78,35.48,35.0,35.28
431,2012-03-14,34.8,36.0,35.29,36.0
430,2012-03-13,35.5,36.59,36.09,36.51
429,2012-03-12,34.6,36.29,36.01,34.69
428,2012-03-09,33.2,35.31,34.74,33.2
427,2012-03-08,33.04,33.49,33.07,33.11
426,2012-03-07,32.9105,33.315,33.12,33.12
425,2012-03-06,32.62,33.28,33.11,33.25
424,2012-03-05,33.46,34.4,33.77,34.35
423,2012-03-02,33.71,34.5,34.04,34.4
422,2012-03-01,33.305,34.5,34.41,33.51
421,2012-02-29,33.14,34.12,33.41,33.81
420,2012-02-28,33.17,34.44,33.81,33.64
419,2012-02-27,33.0,34.0,33.62,33.41
418,2012-02-24,33.27,34.52,33.75,34.23
417,2012-02-23,33.56,34.97,34.53,33.86
416,2012-02-22,32.5,34.72,34.22,34.5
415,2012-02-21,33.81,34.87,34.5,34.87
414,2012-02-17,33.5,34.97,34.97,33.99
413,2012-02-16,32.54,34.51,34.18,33.5
412,2012-02-15,32.27,34.41,33.6,33.1
411,2012-02-14,31.4,33.79,33.17,31.74
410,2012-02-13,30.9,32.06,31.49,31.55
409,2012-02-10,29.84,32.2695,31.1,32.26
408,2012-02-09,31.43,32.9,32.58,32.0
407,2012-02-08,31.29,32.01,31.93,31.6
406,2012-02-07,30.82,31.8,31.6,31.8
405,2012-02-06,31.05,31.9,31.8,31.1
404,2012-02-03,30.25,31.33,31.15,30.41
403,2012-02-02,29.605,30.88,30.25,29.72
402,2012-02-01,29.0,29.7,29.58,29.07
401,2012-01-31,28.87,30.0,29.07,29.9
400,2012-01-30,28.529,29.61,29.57,29.49
399,2012-01-27,28.5,29.72,29.33,28.5
398,2012-01-26,28.0,29.58,28.94,28.07
397,2012-01-25,27.05,28.01,27.97,27.27
396,2012-01-24,26.4399,27.68,27.42,26.63
395,2012-01-23,26.6,27.21,26.77,26.81
394,2012-01-20,26.4,27.0,26.6,26.9
393,2012-01-19,26.61,27.74,26.76,27.19
392,2012-01-18,26.25,26.88,26.81,26.69
391,2012-01-17,26.41,27.34,26.6,26.62
390,2012-01-13,22.64,28.5,22.79,28.4
389,2012-01-12,27.805,28.62,28.25,28.48
388,2012-01-11,27.3,28.38,28.23,27.62
387,2012-01-10,27.25,27.76,27.62,27.44
386,2012-01-09,26.12,27.49,27.25,27.0
385,2012-01-06,26.41,27.79,26.91,27.2
384,2012-01-05,26.85,27.93,27.12,27.76
383,2012-01-04,27.5,28.67,27.71,28.21
382,2012-01-03,27.65,29.5,28.08,28.94
381,2011-12-30,28.25,28.98,28.56,28.49
380,2011-12-29,28.549,29.34,28.73,28.59
379,2011-12-28,28.04,29.2395,28.51,28.99
378,2011-12-27,27.64,28.77,28.57,27.66
377,2011-12-23,27.52,28.0,27.9,28.0
376,2011-12-22,27.3,28.05,27.77,27.6
375,2011-12-21,26.03,28.07,27.57,27.91
374,2011-12-20,27.715,28.45,27.9,28.05
373,2011-12-19,27.37,28.5,27.75,28.09
372,2011-12-16,27.98,28.93,28.0,28.79
371,2011-12-15,28.12,29.17,28.62,28.67
370,2011-12-14,28.0,29.68,28.53,29.5
369,2011-12-13,28.911,30.93,29.45,30.57
368,2011-12-12,30.02,30.62,30.41,30.44
367,2011-12-09,30.28,31.12,31.04,30.54
366,2011-12-08,29.61,31.65,30.89,30.84
365,2011-12-07,33.8,34.89,34.19,34.63
364,2011-12-06,34.031,34.98,34.87,34.2
363,2011-12-05,33.4301,35.0,34.42,33.53
362,2011-12-02,32.4,33.69,33.3,32.83
361,2011-12-01,31.98,33.99,32.6,32.57
360,2011-11-30,32.22,32.93,32.74,32.5
359,2011-11-29,31.63,33.07,31.75,32.49
358,2011-11-28,31.81,33.28,32.56,32.0
357,2011-11-25,31.08,32.41,31.66,31.55
356,2011-11-23,31.25,32.05,31.45,31.76
355,2011-11-22,31.05,32.79,32.07,31.76
354,2011-11-21,31.05,32.44,31.76,32.44
353,2011-11-18,32.54,34.11,32.6,33.64
352,2011-11-17,33.19,34.9,33.68,34.5
351,2011-11-16,33.4029,35.0,34.94,33.48
350,2011-11-15,32.73,34.4,33.93,32.92
349,2011-11-14,32.62,33.54,33.22,33.0
348,2011-11-11,30.57,34.5,33.64,31.9
347,2011-11-10,30.65,31.5,31.33,30.94
346,2011-11-09,30.3,31.49,30.88,30.87
345,2011-11-08,30.72,32.0,31.84,31.37
344,2011-11-07,30.75,32.0,31.27,31.64
343,2011-11-04,30.51,32.4,32.31,31.46
342,2011-11-03,29.53,32.49,32.46,30.0
341,2011-11-02,28.25,29.26,28.71,29.0
340,2011-11-01,28.0,28.92,28.88,28.39
339,2011-10-31,28.75,29.51,29.37,29.5
338,2011-10-28,28.01,30.0,29.87,28.5
337,2011-10-27,28.11,28.95,28.76,28.34
336,2011-10-26,27.4,28.37,27.98,28.19
335,2011-10-25,27.8,28.86,28.25,28.23
334,2011-10-24,27.75,28.89,28.55,27.87
333,2011-10-21,27.01,28.3,28.03,27.4
332,2011-10-20,27.0,27.47,27.34,27.44
331,2011-10-19,27.3,28.06,27.57,28.02
330,2011-10-18,26.71,28.4275,28.34,27.3
329,2011-10-17,27.2601,28.0,27.42,27.86
328,2011-10-14,27.26,28.55,28.05,28.0
327,2011-10-13,27.44,28.47,27.94,27.63
326,2011-10-12,27.2,28.0,27.8,27.25
325,2011-10-11,27.09,27.77,27.61,27.51
324,2011-10-10,27.0,28.18,27.88,27.31
323,2011-10-07,26.05,27.6,26.99,26.98
322,2011-10-06,25.02,27.6,26.96,25.37
321,2011-10-05,23.35,25.835,25.37,24.03
320,2011-10-04,22.93,24.32,23.66,23.29
319,2011-10-03,23.25,25.0,23.73,24.95
318,2011-09-30,23.49,24.89,24.39,24.8
317,2011-09-29,23.55,25.82,24.12,25.72
316,2011-09-28,24.51,26.5,24.59,26.0
315,2011-09-27,25.57,26.99,26.19,26.0
314,2011-09-26,24.9,26.52,25.52,26.52
313,2011-09-23,25.35,26.62,26.38,25.49
312,2011-09-22,24.88,26.11,25.63,25.64
311,2011-09-21,25.7,26.95,25.85,25.95
310,2011-09-20,25.67,26.6,26.01,25.98
309,2011-09-19,23.82,25.81,25.77,24.95
308,2011-09-16,24.49,25.84,25.8,24.78
307,2011-09-15,24.33,24.93,24.82,24.58
306,2011-09-14,23.79,24.84,24.34,24.25
305,2011-09-13,22.75,24.1,24.08,23.01
304,2011-09-12,22.45,23.31,22.88,22.735
303,2011-09-09,22.55,23.57,22.97,23.37
302,2011-09-08,23.28,24.03,23.61,23.58
301,2011-09-07,23.28,24.0,23.84,23.39
300,2011-09-06,22.29,23.2,22.94,22.5
299,2011-09-02,22.68,23.99,23.07,23.66
298,2011-09-01,23.835,24.87,24.0,24.66
297,2011-08-31,24.28,25.5,24.74,24.8
296,2011-08-30,24.09,24.77,24.63,24.5
295,2011-08-29,24.02,24.85,24.71,24.22
294,2011-08-26,22.07,23.95,23.73,22.71
293,2011-08-25,22.9,23.87,23.11,23.87
292,2011-08-24,22.83,23.93,23.87,23.1
291,2011-08-23,21.5,23.11,22.96,21.93
290,2011-08-22,21.68,23.8,21.95,23.11
289,2011-08-19,22.0,24.22,22.3,23.86
288,2011-08-18,23.47,25.15,24.26,25.0
287,2011-08-17,25.51,26.65,25.83,26.39
286,2011-08-16,25.83,26.54,26.1,26.13
285,2011-08-15,25.93,26.75,26.23,26.62
284,2011-08-12,25.36,27.14,26.31,25.6
283,2011-08-11,24.0,25.75,25.3,24.04
282,2011-08-10,23.63,25.44,23.82,25.44
281,2011-08-09,23.7,25.45,25.06,24.15
280,2011-08-08,23.1,24.44,23.64,23.1
279,2011-08-05,22.83,25.38,24.24,24.99
278,2011-08-04,24.67,26.89,24.75,26.51
277,2011-08-03,26.336,27.83,27.2,27.5
276,2011-08-02,27.27,29.2,27.34,28.69
275,2011-08-01,28.21,28.98,28.77,28.67
274,2011-07-29,27.5,28.4,28.17,27.8
273,2011-07-28,27.54,28.55,28.17,27.6
272,2011-07-27,27.51,28.5,27.64,28.5
271,2011-07-26,27.97,28.77,28.0,28.31
270,2011-07-25,28.44,29.25,28.49,29.01
269,2011-07-22,28.5509,29.54,29.29,28.7
268,2011-07-21,28.1,29.16,28.7,28.91
267,2011-07-20,27.8,30.44,28.69,28.0
266,2011-07-19,27.54,28.11,27.89,27.58
265,2011-07-18,26.63,27.45,27.23,27.34
264,2011-07-15,27.4,27.83,27.58,27.79
263,2011-07-14,27.25,28.96,27.61,28.53
262,2011-07-13,27.9,29.03,28.64,28.43
261,2011-07-12,28.0,29.09,28.17,28.37
260,2011-07-11,28.0,28.53,28.35,28.4
259,2011-07-08,28.59,29.89,28.81,29.89
258,2011-07-07,29.01,30.0,29.73,29.14
257,2011-07-06,28.55,29.14,28.96,29.14
256,2011-07-05,28.71,29.52,29.14,29.02
255,2011-07-01,28.8,29.6,29.02,29.07
254,2011-06-30,28.4,29.33,29.13,28.5
253,2011-06-29,28.07,29.09,28.29,28.5
252,2011-06-28,27.67,28.25,28.11,27.79
251,2011-06-27,27.31,28.28,27.46,27.73
250,2011-06-24,27.26,27.97,27.565,27.64
249,2011-06-23,26.21,27.72,27.71,27.2
248,2011-06-22,27.1,28.25,27.21,27.37
247,2011-06-21,26.0,27.73,27.53,26.24
246,2011-06-20,25.5,26.46,26.01,26.29
245,2011-06-17,26.14,27.7,26.5,26.87
244,2011-06-16,25.74,28.0,26.5,27.67
243,2011-06-15,27.07,28.45,27.32,28.44
242,2011-06-14,28.52,29.7,28.6,28.54
241,2011-06-13,27.88,28.88,28.43,28.07
240,2011-06-10,27.35,28.2991,27.86,27.52
239,2011-06-09,27.1,28.1,27.62,27.43
238,2011-06-08,27.02,28.6,27.12,28.44
237,2011-06-07,28.26,29.39,28.37,28.94
236,2011-06-06,28.26,30.13,28.7,29.1
235,2011-06-03,29.5,31.5,30.13,29.95
234,2011-06-02,28.51,29.32,28.76,28.52
233,2011-06-01,28.38,30.1,28.517,30.0
232,2011-05-31,29.55,30.28,30.14,29.69
231,2011-05-27,28.82,29.67,29.55,29.54
230,2011-05-26,28.1,29.76,29.48,28.82
229,2011-05-25,26.17,29.01,28.98,26.9
228,2011-05-24,26.6,27.5,26.72,27.02
227,2011-05-23,26.62,27.62,26.82,27.62
226,2011-05-20,27.35,28.28,27.97,28.26
225,2011-05-19,26.6,28.44,28.2,27.03
224,2011-05-18,25.52,26.47,26.35,26.1
223,2011-05-17,25.72,27.0,25.96,27.0
222,2011-05-16,26.55,27.99,26.6,27.99
221,2011-05-13,27.3,28.1891,27.55,28.0
220,2011-05-12,26.65,27.74,27.67,27.07
219,2011-05-11,26.92,28.2985,27.07,28.2
218,2011-05-10,27.91,28.95,28.33,28.24
217,2011-05-09,26.85,28.0,27.91,27.0
216,2011-05-06,26.62,27.7,27.12,26.9
215,2011-05-05,26.1701,27.44,26.44,27.2
214,2011-05-04,25.75,27.0,26.69,26.78
213,2011-05-03,26.5,27.39,26.87,27.38
212,2011-05-02,27.06,27.8,27.45,27.6
211,2011-04-29,27.42,27.87,27.6,27.69
210,2011-04-28,26.72,27.69,27.66,27.07
209,2011-04-27,26.63,27.36,27.08,26.93
208,2011-04-26,26.31,27.25,26.93,26.66
207,2011-04-25,25.97,26.73,26.39,26.7
206,2011-04-21,25.5901,26.98,26.74,25.85
205,2011-04-20,25.3,26.09,25.75,25.7
204,2011-04-19,24.65,25.26,25.16,25.26
203,2011-04-18,24.36,25.62,25.03,25.13
202,2011-04-15,25.41,26.18,25.58,25.65
201,2011-04-14,24.2,25.28,25.14,24.87
200,2011-04-13,24.81,25.69,24.93,25.13
199,2011-04-12,24.3,25.21,24.65,25.08
198,2011-04-11,25.02,26.53,25.27,26.47
197,2011-04-08,26.36,27.6004,26.49,27.58
196,2011-04-07,26.4501,27.94,27.24,26.85
195,2011-04-06,25.8,27.01,26.49,26.99
194,2011-04-05,25.69,27.0,26.7,25.9
193,2011-04-04,25.23,27.0,25.83,26.83
192,2011-04-01,26.57,28.18,26.66,27.45
191,2011-03-31,26.5,28.71,27.75,26.55
190,2011-03-30,23.01,24.49,23.71,24.11
189,2011-03-29,23.21,24.0,23.92,23.3
188,2011-03-28,22.55,23.5388,23.25,22.7
187,2011-03-25,22.4,23.0,22.75,22.43
186,2011-03-24,21.98,22.38,22.33,22.14
185,2011-03-23,21.77,22.27,22.21,22.11
184,2011-03-22,22.0,22.86,22.19,22.73
183,2011-03-21,22.54,23.05,22.73,23.05
182,2011-03-18,22.51,23.19,22.96,23.19
181,2011-03-17,22.64,23.43,22.81,23.24
180,2011-03-16,22.69,23.25,22.82,22.86
179,2011-03-15,21.8,22.96,22.95,22.2
178,2011-03-14,23.2,24.0,23.25,23.82
177,2011-03-11,23.53,24.25,24.07,23.85
176,2011-03-10,23.73,24.49,24.01,24.44
175,2011-03-09,24.27,24.99,24.72,24.66
174,2011-03-08,24.0,24.96,24.66,24.6
173,2011-03-07,24.7,25.4,24.94,24.93
172,2011-03-04,23.78,24.99,24.95,24.48
171,2011-03-03,24.06,24.79,24.36,24.48
170,2011-03-02,23.725,24.28,24.02,23.82
169,2011-03-01,23.7,24.32,23.94,24.05
168,2011-02-28,23.5,24.1,23.89,23.74
167,2011-02-25,22.69,23.85,23.61,22.81
166,2011-02-24,21.5,22.58,22.53,21.78
165,2011-02-23,21.11,22.5,21.83,22.18
164,2011-02-22,21.78,23.0,21.87,22.88
163,2011-02-18,22.96,23.49,23.18,23.33
162,2011-02-17,23.55,25.49,23.6,24.63
161,2011-02-16,23.0701,24.97,24.73,23.1
160,2011-02-15,22.56,23.17,22.84,23.01
159,2011-02-14,23.05,24.14,23.08,23.64
158,2011-02-11,22.94,23.75,23.25,23.25
157,2011-02-10,22.81,23.64,23.215,23.26
156,2011-02-09,22.79,24.18,23.21,24.13
155,2011-02-08,23.0,25.25,24.49,23.78
154,2011-02-07,22.88,23.26,23.07,23.26
153,2011-02-04,23.22,23.67,23.46,23.44
152,2011-02-03,23.15,23.9,23.63,23.82
151,2011-02-02,23.669,24.18,23.94,24.16
150,2011-02-01,23.54,24.73,23.91,24.31
149,2011-01-31,23.5,24.12,24.1,24.05
148,2011-01-28,23.75,24.88,24.01,24.88
147,2011-01-27,24.53,25.08,24.92,24.74
146,2011-01-26,24.1,24.88,24.75,24.71
145,2011-01-25,24.02,24.89,24.68,24.65
144,2011-01-24,23.23,24.81,24.49,23.53
143,2011-01-21,22.71,23.59,23.04,23.12
142,2011-01-20,22.37,24.45,22.62,24.03
141,2011-01-19,23.75,25.47,24.03,25.27
140,2011-01-18,24.75,25.64,25.64,25.48
139,2011-01-14,25.61,26.58,25.75,26.15
138,2011-01-13,26.16,26.97,26.22,26.96
137,2011-01-12,26.52,27.399,26.96,27.01
136,2011-01-11,26.92,28.71,26.96,28.59
135,2011-01-10,28.05,28.68,28.45,28.17
134,2011-01-07,27.9,28.58,28.24,28.0
133,2011-01-06,26.81,28.0,27.88,26.83
132,2011-01-05,26.19,26.9,26.83,26.48
131,2011-01-04,26.02,26.95,26.67,26.66
130,2011-01-03,25.9,26.9999,26.62,26.84
129,2010-12-31,26.5,27.25,26.63,26.57
128,2010-12-30,26.38,27.9,26.5,27.7
127,2010-12-29,26.5,28.01,27.73,27.03
126,2010-12-28,25.0,26.75,26.41,25.85
125,2010-12-27,25.06,28.58,25.549,28.02
124,2010-12-23,29.92,32.48,30.09,31.26
123,2010-12-22,31.7,32.86,32.63,32.25
122,2010-12-21,31.7101,32.69,32.26,31.8
121,2010-12-20,31.26,32.19,31.7,31.64
120,2010-12-17,30.71,31.54,31.36,31.34
119,2010-12-16,29.6501,30.91,30.81,30.0
118,2010-12-15,28.53,29.97,29.6,28.67
117,2010-12-14,27.761,30.3899,28.53,30.29
116,2010-12-13,30.4,31.77,30.55,31.64
115,2010-12-10,31.1301,32.92,31.52,32.05
114,2010-12-09,31.65,32.72,32.05,32.51
113,2010-12-08,31.52,32.49,32.37,32.48
112,2010-12-07,30.05,32.4,31.56,30.49
111,2010-12-06,29.56,31.45,30.31,31.35
110,2010-12-03,30.87,32.25,31.49,32.01
109,2010-12-02,31.2,34.2975,32.35,34.01
108,2010-12-01,33.45,36.42,34.35,35.87
107,2010-11-30,33.41,35.33,35.33,33.74
106,2010-11-29,33.33,35.95,34.33,35.4122
105,2010-11-26,34.75,36.0,35.32,35.6
104,2010-11-24,34.334,35.97,35.47,35.27
103,2010-11-23,32.1901,35.68,34.57,33.29
102,2010-11-22,31.5,33.45,33.4,31.57
101,2010-11-19,29.7,31.37,30.99,30.16
100,2010-11-18,28.9201,30.74,29.89,30.67
99,2010-11-17,28.61,30.75,29.49,30.2
98,2010-11-16,28.42,31.4,29.67,31.0
97,2010-11-15,30.22,32.9395,30.8,30.22
96,2010-11-12,28.07,30.5,29.84,28.25
95,2010-11-11,27.33,29.1,28.035,28.6
94,2010-11-10,24.05,29.97,29.36,24.48
93,2010-11-09,24.0501,25.69,24.63,25.0
92,2010-11-08,24.03,25.0,24.98,24.5
91,2010-11-05,23.72,24.97,24.44,24.87
90,2010-11-04,22.151,25.33,24.9,22.6
89,2010-11-03,21.16,22.5,21.77,21.28
88,2010-11-02,21.05,21.8792,21.25,21.68
87,2010-11-01,21.31,22.75,21.41,21.94
86,2010-10-29,21.052,21.85,21.84,21.14
85,2010-10-28,20.96,21.5,21.19,21.39
84,2010-10-27,20.65,21.38,21.0,21.25
83,2010-10-26,20.51,21.87,21.36,20.8
82,2010-10-25,20.73,20.98,20.85,20.94
81,2010-10-22,20.55,20.93,20.72,20.68
80,2010-10-21,20.45,20.95,20.75,20.61
79,2010-10-20,20.04,20.69,20.65,20.16
78,2010-10-19,20.0,20.4061,20.05,20.2
77,2010-10-18,20.22,20.6399,20.23,20.52
76,2010-10-15,20.25,20.9,20.54,20.89
75,2010-10-14,20.4,21.0299,20.75,21.0
74,2010-10-13,20.36,20.85,20.54,20.64
73,2010-10-12,20.03,20.2829,20.24,20.2
72,2010-10-11,20.07,20.699,20.24,20.44
71,2010-10-08,20.39,20.79,20.43,20.43
70,2010-10-07,20.34,20.64,20.43,20.57
69,2010-10-06,20.32,21.258,20.46,21.06
68,2010-10-05,21.01,21.28,21.12,21.15
67,2010-10-04,20.3,21.17,20.99,20.43
66,2010-10-01,20.31,20.75,20.6,20.69
65,2010-09-30,20.19,22.1499,20.405,22.0
64,2010-09-29,21.13,22.03,21.98,21.19
63,2010-09-28,20.76,21.49,21.4,21.04
62,2010-09-27,20.05,20.81,20.53,20.4
61,2010-09-24,19.65,20.19,20.1,19.95
60,2010-09-23,19.5,20.14,19.56,19.89
59,2010-09-22,19.8,20.95,19.87,20.87
58,2010-09-21,20.67,21.55,20.77,20.89
57,2010-09-20,20.16,21.35,21.055,20.67
56,2010-09-17,19.8,21.32,20.23,21.02
55,2010-09-16,20.84,23.16,20.94,22.15
54,2010-09-15,20.79,22.0,21.98,20.98
53,2010-09-14,20.53,21.6,21.12,20.54
52,2010-09-13,20.5,20.8995,20.72,20.89
51,2010-09-10,19.76,20.93,20.17,20.75
50,2010-09-09,20.69,21.05,20.71,21.0
49,2010-09-08,20.6,20.95,20.9,20.66
48,2010-09-07,20.5,21.0,20.54,20.61
47,2010-09-03,20.66,21.3,21.05,20.87
46,2010-09-02,20.3103,21.24,21.06,20.37
45,2010-09-01,19.6,20.69,20.45,19.62
44,2010-08-31,19.33,19.79,19.48,19.66
43,2010-08-30,19.61,20.19,19.87,19.7
42,2010-08-27,19.5,19.865,19.7,19.75
41,2010-08-26,19.6,20.27,19.75,19.89
40,2010-08-25,18.56,19.98,19.9,19.16
39,2010-08-24,18.95,19.71,19.2,19.25
38,2010-08-23,19.0,20.3891,20.13,19.09
37,2010-08-20,18.5101,19.11,19.1,18.65
36,2010-08-19,18.33,19.25,18.79,18.54
35,2010-08-18,18.6,19.59,18.77,19.59
34,2010-08-17,18.78,19.4,19.15,18.96
33,2010-08-16,18.2616,18.8,18.78,18.45
32,2010-08-13,17.6604,18.45,18.32,18.18
31,2010-08-12,17.39,17.9,17.6,17.8
30,2010-08-11,17.85,18.88,17.9,18.69
29,2010-08-10,18.82,19.65,19.03,19.65
28,2010-08-09,19.45,19.98,19.6,19.9
27,2010-08-06,19.52,20.1601,19.59,20.1
26,2010-08-05,20.05,21.55,20.45,21.54
25,2010-08-04,20.85,22.18,21.26,21.95
24,2010-08-03,20.82,21.95,21.95,21.0
23,2010-08-02,20.333,20.97,20.92,20.5
22,2010-07-30,19.55,20.44,19.94,20.2
21,2010-07-29,20.0,20.88,20.35,20.77
20,2010-07-28,20.51,20.9,20.72,20.55
19,2010-07-27,20.26,21.18,20.55,20.91
18,2010-07-26,20.3,21.5,20.95,21.5
17,2010-07-23,21.06,21.56,21.29,21.19
16,2010-07-22,20.37,21.25,21.0,20.5
15,2010-07-21,19.5,20.9,20.22,20.66
14,2010-07-20,20.05,21.85,20.3,21.85
13,2010-07-19,20.92,22.25,21.91,21.37
12,2010-07-16,20.05,21.3,20.64,20.7
11,2010-07-15,19.0,21.5,19.89,19.94
10,2010-07-14,17.7601,20.15,19.84,17.94
9,2010-07-13,16.9,18.64,18.14,17.3938
8,2010-07-12,17.0,18.07,17.05,17.95
7,2010-07-09,16.55,17.9,17.4,17.58
6,2010-07-08,15.57,17.52,17.46,16.14
5,2010-07-07,14.98,16.63,15.8,16.4
4,2010-07-06,15.83,20.0,16.11,20.0
3,2010-07-02,18.71,23.1,19.2,23.0
2,2010-07-01,20.27,25.92,21.96,25.0
1,2010-06-30,23.3,30.4192,23.83,25.79
0,2010-06-29,17.54,25.0,23.89,19.0
